attr,container,n,m_individuals,residual,combinations
ER,G08-00601,7,3,4,35
ER,G08-00604,7,3,4,35
ER,G08-00610,7,3,4,35
ER,G08-00613,6,2,4,15
ER,G08-00613,6,3,3,20
ER,G08-00619,7,3,4,35
ER,G08-00628,7,3,4,35
ER,G08-00637,6,2,4,15
ER,G08-00637,6,3,3,20
ER,G08-00646,7,3,4,35
ER,G08-00652,6,2,4,15
ER,G08-00652,6,3,3,20
ER,G08-00670,6,2,4,15
ER,G08-00670,6,3,3,20
ER,G08-00679,7,3,4,35
ER,G08-00685,6,2,4,15
ER,G08-00685,6,3,3,20
ER,G08-00691,6,2,4,15
ER,G08-00691,6,3,3,20
ER,G08-00694,6,2,4,15
ER,G08-00694,6,3,3,20
ER,G08-00697,6,2,4,15
ER,G08-00697,6,3,3,20
ER,G08-00700,6,2,4,15
ER,G08-00700,6,3,3,20
ER,G08-00703,6,2,4,15
ER,G08-00703,6,3,3,20
ER,G08-00706,7,3,4,35
ER,G08-00709,7,3,4,35
ER,G08-00712,6,2,4,15
ER,G08-00712,6,3,3,20
ER,G08-00715,6,2,4,15
ER,G08-00715,6,3,3,20
ER,G08-00718,7,3,4,35
ER,G08-00721,6,2,4,15
ER,G08-00721,6,3,3,20
ER,G08-00724,6,2,4,15
ER,G08-00724,6,3,3,20
ER,G08-00730,7,3,4,35
ER,G08-00733,7,3,4,35
ER,G08-00736,7,3,4,35
ER,G08-00739,7,3,4,35
ER,G08-00742,7,3,4,35
ER,G08-00745,7,3,4,35
ER,G08-00748,6,2,4,15
ER,G08-00748,6,3,3,20
ER,G08-00751,6,2,4,15
ER,G08-00751,6,3,3,20
ER,G08-00754,6,2,4,15
ER,G08-00754,6,3,3,20
ER,G08-00757,7,3,4,35
ER,G08-00760,6,2,4,15
ER,G08-00760,6,3,3,20
ER,G08-00766,6,2,4,15
ER,G08-00766,6,3,3,20
ER,G08-00769,6,2,4,15
ER,G08-00769,6,3,3,20
ER,G08-00772,7,3,4,35
ER,G08-00775,7,3,4,35
ER,G08-00778,7,3,4,35
ER,G08-00781,7,3,4,35
ER,G08-00784,6,2,4,15
ER,G08-00784,6,3,3,20
ER,G08-00787,7,3,4,35
ER,G08-00790,7,3,4,35
ER,G08-00793,6,2,4,15
ER,G08-00793,6,3,3,20
ER,G08-00799,6,2,4,15
ER,G08-00799,6,3,3,20
ER,G08-00802,6,2,4,15
ER,G08-00802,6,3,3,20
ER,G08-00805,6,2,4,15
ER,G08-00805,6,3,3,20
ER,G08-00808,6,2,4,15
ER,G08-00808,6,3,3,20
ER,G08-00811,6,2,4,15
ER,G08-00811,6,3,3,20
ER,G08-00814,7,3,4,35
ER,G08-00817,7,3,4,35
ER,G08-00820,7,3,4,35
ER,G08-00823,6,2,4,15
ER,G08-00823,6,3,3,20
ER,G08-00826,6,2,4,15
ER,G08-00826,6,3,3,20
ER,G08-00829,7,3,4,35
ER,G08-00835,6,2,4,15
ER,G08-00835,6,3,3,20
ER,G08-00838,7,3,4,35
ER,G08-00841,6,2,4,15
ER,G08-00841,6,3,3,20
ER,G08-00844,6,2,4,15
ER,G08-00844,6,3,3,20
ER,G08-00847,7,3,4,35
ER,G08-00850,7,3,4,35
ER,G08-00853,6,2,4,15
ER,G08-00853,6,3,3,20
ER,G08-00856,6,2,4,15
ER,G08-00856,6,3,3,20
ER,G08-00862,6,2,4,15
ER,G08-00862,6,3,3,20
ER,G08-00865,6,2,4,15
ER,G08-00865,6,3,3,20
ER,G08-00868,6,2,4,15
ER,G08-00868,6,3,3,20
ER,G08-00871,6,2,4,15
ER,G08-00871,6,3,3,20
ER,G08-00874,7,3,4,35
ER,G08-00877,7,3,4,35
ER,G08-00880,6,2,4,15
ER,G08-00880,6,3,3,20
ER,G08-00883,6,2,4,15
ER,G08-00883,6,3,3,20
ER,G08-00886,7,3,4,35
ER,G08-00889,6,2,4,15
ER,G08-00889,6,3,3,20
ER,G08-00892,7,3,4,35
ER,G08-00895,6,2,4,15
ER,G08-00895,6,3,3,20
ER,G08-00898,6,2,4,15
ER,G08-00898,6,3,3,20
ER,G08-00901,6,2,4,15
ER,G08-00901,6,3,3,20
ER,G08-00907,6,2,4,15
ER,G08-00907,6,3,3,20
ER,G08-00910,7,3,4,35
ER,G08-00913,6,2,4,15
ER,G08-00913,6,3,3,20
ER,G08-00916,6,2,4,15
ER,G08-00916,6,3,3,20
ER,G08-00919,7,3,4,35
ER,G08-00922,6,2,4,15
ER,G08-00922,6,3,3,20
ER,G08-00925,6,2,4,15
ER,G08-00925,6,3,3,20
ER,G08-00928,6,2,4,15
ER,G08-00928,6,3,3,20
ER,G08-00931,7,3,4,35
ER,G08-00934,7,3,4,35
PB,G09-00599,7,3,4,35
PB,G09-00602,7,3,4,35
PB,G09-00608,7,3,4,35
PB,G09-00611,6,2,4,15
PB,G09-00611,6,3,3,20
PB,G09-00617,7,3,4,35
PB,G09-00626,7,3,4,35
PB,G09-00635,6,2,4,15
PB,G09-00635,6,3,3,20
PB,G09-00644,7,3,4,35
PB,G09-00650,6,2,4,15
PB,G09-00650,6,3,3,20
PB,G09-00668,6,2,4,15
PB,G09-00668,6,3,3,20
PB,G09-00677,7,3,4,35
PB,G09-00683,6,2,4,15
PB,G09-00683,6,3,3,20
PB,G09-00689,6,2,4,15
PB,G09-00689,6,3,3,20
PB,G09-00692,6,2,4,15
PB,G09-00692,6,3,3,20
PB,G09-00695,6,2,4,15
PB,G09-00695,6,3,3,20
PB,G09-00698,6,2,4,15
PB,G09-00698,6,3,3,20
PB,G09-00701,6,2,4,15
PB,G09-00701,6,3,3,20
PB,G09-00704,7,3,4,35
PB,G09-00707,7,3,4,35
PB,G09-00710,6,2,4,15
PB,G09-00710,6,3,3,20
PB,G09-00713,6,2,4,15
PB,G09-00713,6,3,3,20
PB,G09-00716,7,3,4,35
PB,G09-00719,6,2,4,15
PB,G09-00719,6,3,3,20
PB,G09-00722,6,2,4,15
PB,G09-00722,6,3,3,20
PB,G09-00728,7,3,4,35
PB,G09-00731,7,3,4,35
PB,G09-00734,7,3,4,35
PB,G09-00737,7,3,4,35
PB,G09-00740,7,3,4,35
PB,G09-00743,7,3,4,35
PB,G09-00746,6,2,4,15
PB,G09-00746,6,3,3,20
PB,G09-00749,6,2,4,15
PB,G09-00749,6,3,3,20
PB,G09-00752,6,2,4,15
PB,G09-00752,6,3,3,20
PB,G09-00755,7,3,4,35
PB,G09-00758,6,2,4,15
PB,G09-00758,6,3,3,20
PB,G09-00764,6,2,4,15
PB,G09-00764,6,3,3,20
PB,G09-00767,6,2,4,15
PB,G09-00767,6,3,3,20
PB,G09-00770,7,3,4,35
PB,G09-00773,7,3,4,35
PB,G09-00776,7,3,4,35
PB,G09-00779,7,3,4,35
PB,G09-00782,6,2,4,15
PB,G09-00782,6,3,3,20
PB,G09-00785,7,3,4,35
PB,G09-00788,7,3,4,35
PB,G09-00791,6,2,4,15
PB,G09-00791,6,3,3,20
PB,G09-00797,6,2,4,15
PB,G09-00797,6,3,3,20
PB,G09-00800,6,2,4,15
PB,G09-00800,6,3,3,20
PB,G09-00803,6,2,4,15
PB,G09-00803,6,3,3,20
PB,G09-00806,6,2,4,15
PB,G09-00806,6,3,3,20
PB,G09-00809,6,2,4,15
PB,G09-00809,6,3,3,20
PB,G09-00812,7,3,4,35
PB,G09-00815,7,3,4,35
PB,G09-00818,7,3,4,35
PB,G09-00821,6,2,4,15
PB,G09-00821,6,3,3,20
PB,G09-00824,6,2,4,15
PB,G09-00824,6,3,3,20
PB,G09-00827,7,3,4,35
PB,G09-00833,6,2,4,15
PB,G09-00833,6,3,3,20
PB,G09-00836,7,3,4,35
PB,G09-00839,6,2,4,15
PB,G09-00839,6,3,3,20
PB,G09-00842,6,2,4,15
PB,G09-00842,6,3,3,20
PB,G09-00845,7,3,4,35
PB,G09-00848,7,3,4,35
PB,G09-00851,6,2,4,15
PB,G09-00851,6,3,3,20
PB,G09-00854,6,2,4,15
PB,G09-00854,6,3,3,20
PB,G09-00860,6,2,4,15
PB,G09-00860,6,3,3,20
PB,G09-00863,6,2,4,15
PB,G09-00863,6,3,3,20
PB,G09-00866,6,2,4,15
PB,G09-00866,6,3,3,20
PB,G09-00869,6,2,4,15
PB,G09-00869,6,3,3,20
PB,G09-00872,7,3,4,35
PB,G09-00875,7,3,4,35
PB,G09-00878,6,2,4,15
PB,G09-00878,6,3,3,20
PB,G09-00881,6,2,4,15
PB,G09-00881,6,3,3,20
PB,G09-00884,7,3,4,35
PB,G09-00887,6,2,4,15
PB,G09-00887,6,3,3,20
PB,G09-00890,7,3,4,35
PB,G09-00893,6,2,4,15
PB,G09-00893,6,3,3,20
PB,G09-00896,6,2,4,15
PB,G09-00896,6,3,3,20
PB,G09-00899,6,2,4,15
PB,G09-00899,6,3,3,20
PB,G09-00905,6,2,4,15
PB,G09-00905,6,3,3,20
PB,G09-00908,7,3,4,35
PB,G09-00911,6,2,4,15
PB,G09-00911,6,3,3,20
PB,G09-00914,6,2,4,15
PB,G09-00914,6,3,3,20
PB,G09-00917,7,3,4,35
PB,G09-00920,6,2,4,15
PB,G09-00920,6,3,3,20
PB,G09-00923,6,2,4,15
PB,G09-00923,6,3,3,20
PB,G09-00926,6,2,4,15
PB,G09-00926,6,3,3,20
PB,G09-00929,7,3,4,35
PB,G09-00932,7,3,4,35
