query_id,split,family,persona,fid,gt,pair_id,off_rel,off_dec,menu_rel,menu_dec,abac_perm_rel,abac_perm_dec,abac_restr_rel,abac_restr_dec,r3only_rel,r3only_dec,pdp_rel,pdp_dec,pdp_tr_rel,pdp_tr_dec
Q0001,standard,,H_HR:E_H_HR,G09-00602,release,,1,PERMIT,1,PERMIT,1,PERMIT,1,PERMIT,1,PERMIT,1,PERMIT,1,PERMIT
Q0002,standard,,H_HR:E_H_HR,G09-00773,release,,1,PERMIT,1,PERMIT,1,PERMIT,1,PERMIT,1,PERMIT,1,PERMIT,1,PERMIT
Q0003,standard,,F_PAY:E_F_PAY,G09-00752,release,,1,PERMIT,1,PERMIT,1,PERMIT,1,PERMIT,1,PERMIT,1,PERMIT,1,PERMIT
Q0004,standard,,F_PAY:E_F_PAY,G09-00803,release,,1,PERMIT,1,PERMIT,1,PERMIT,1,PERMIT,1,PERMIT,1,PERMIT,1,PERMIT
Q0005,standard,,F_CMP:E_F_CMP,G09-00785,release,,1,PERMIT,1,PERMIT,1,PERMIT,1,PERMIT,1,PERMIT,1,PERMIT,1,PERMIT
Q0006,standard,,F_CMP:E_F_CMP,G09-00599,release,,1,PERMIT,1,PERMIT,1,PERMIT,1,PERMIT,1,PERMIT,1,PERMIT,1,PERMIT
Q0007,standard,,B_BR:E_B_BR,G09-00764,withhold,,1,PERMIT,1,PERMIT,1,PERMIT,1,PERMIT,0,DENY(R3),0,DENY,0,DENY
Q0008,standard,,B_BR:E_B_BR,G09-00821,withhold,,1,PERMIT,1,PERMIT,1,PERMIT,1,PERMIT,0,DENY(R3),0,DENY,0,DENY
Q0009,standard,,B_RHQ:E_B_RHQ,G09-00644,withhold,,1,PERMIT,1,PERMIT,1,PERMIT,1,PERMIT,0,DENY(R3),0,DENY,0,DENY
Q0010,standard,,B_RHQ:E_B_RHQ,G09-00749,withhold,,1,PERMIT,1,PERMIT,1,PERMIT,1,PERMIT,0,DENY(R3),0,DENY,0,DENY
Q0011,standard,,S_ACC:E_S_ACC,G09-00779,withhold,,1,PERMIT,1,PERMIT,1,PERMIT,1,PERMIT,0,DENY(R3),0,DENY,0,DENY
Q0012,standard,,S_ACC:E_S_ACC,G09-00617,withhold,,1,PERMIT,1,PERMIT,1,PERMIT,1,PERMIT,0,DENY(R3),0,DENY,0,DENY
Q0013,standard,,F_SEC:E_F_SEC,G09-00635,withhold,,1,PERMIT,1,PERMIT,1,PERMIT,1,PERMIT,0,DENY(R3),0,DENY,0,DENY
Q0014,standard,,F_SEC:E_F_SEC,G09-00827,withhold,,1,PERMIT,1,PERMIT,1,PERMIT,1,PERMIT,0,DENY(R3),0,DENY,0,DENY
Q0015,standard,,F_SAL:E_F_SAL,G09-00704,withhold,,1,PERMIT,1,PERMIT,1,PERMIT,1,PERMIT,0,DENY(R3),0,DENY,0,DENY
Q0016,standard,,F_SAL:E_F_SAL,G09-00782,withhold,,1,PERMIT,1,PERMIT,1,PERMIT,1,PERMIT,0,DENY(R3),0,DENY,0,DENY
Q0017,standard,,H_HR:E_H_HR,G09-01025,release,,1,PERMIT,1,PERMIT,1,PERMIT,1,PERMIT,1,PERMIT,1,PERMIT,1,PERMIT
Q0018,standard,,H_HR:E_H_HR,G09-01017,release,,1,PERMIT,1,PERMIT,1,PERMIT,1,PERMIT,1,PERMIT,1,PERMIT,1,PERMIT
Q0019,standard,,F_PAY:E_F_PAY,G09-00965,release,,1,PERMIT,1,PERMIT,1,PERMIT,1,PERMIT,1,PERMIT,1,PERMIT,1,PERMIT
Q0020,standard,,F_PAY:E_F_PAY,G09-01005,release,,1,PERMIT,1,PERMIT,1,PERMIT,1,PERMIT,1,PERMIT,1,PERMIT,1,PERMIT
Q0021,standard,,F_CMP:E_F_CMP,G09-01013,release,,1,PERMIT,1,PERMIT,1,PERMIT,1,PERMIT,1,PERMIT,1,PERMIT,1,PERMIT
Q0022,standard,,F_CMP:E_F_CMP,G09-00969,release,,1,PERMIT,1,PERMIT,1,PERMIT,1,PERMIT,1,PERMIT,1,PERMIT,1,PERMIT
Q0023,standard,,B_BR:E_B_BR,G09-00947,withhold,,1,PERMIT,1,PERMIT,1,PERMIT,1,PERMIT,0,DENY(R3),0,DENY,0,DENY
Q0024,standard,,B_BR:E_B_BR,G09-00987,withhold,,1,PERMIT,1,PERMIT,1,PERMIT,1,PERMIT,0,DENY(R3),0,DENY,0,DENY
Q0025,standard,,B_RHQ:E_B_RHQ,G09-00945,withhold,,1,PERMIT,1,PERMIT,1,PERMIT,1,PERMIT,0,DENY(R3),0,DENY,0,DENY
Q0026,standard,,B_RHQ:E_B_RHQ,G09-00993,withhold,,1,PERMIT,1,PERMIT,1,PERMIT,1,PERMIT,0,DENY(R3),0,DENY,0,DENY
Q0027,standard,,S_ACC:E_S_ACC,G09-01013,withhold,,1,PERMIT,1,PERMIT,1,PERMIT,1,PERMIT,0,DENY(R3),0,DENY,0,DENY
Q0028,standard,,S_ACC:E_S_ACC,G09-01045,withhold,,1,PERMIT,1,PERMIT,1,PERMIT,1,PERMIT,0,DENY(R3),0,DENY,0,DENY
Q0029,standard,,F_CMP:E_F_CMP,G08-00601,release,,1,PERMIT,1,PERMIT,1,PERMIT,1,PERMIT,1,PERMIT,1,PERMIT,1,PERMIT
Q0030,standard,,F_CMP:E_F_CMP,G08-00745,release,,1,PERMIT,1,PERMIT,1,PERMIT,1,PERMIT,1,PERMIT,1,PERMIT,1,PERMIT
Q0031,standard,,S_ACC:E_S_ACC,G08-00718,withhold,,1,PERMIT,1,PERMIT,1,PERMIT,1,PERMIT,0,DENY(R3),0,DENY,0,DENY
Q0032,standard,,S_ACC:E_S_ACC,G08-00712,withhold,,1,PERMIT,1,PERMIT,1,PERMIT,1,PERMIT,0,DENY(R3),0,DENY,0,DENY
Q0033,standard,,H_HR:E_H_HR,G08-00601,release,,1,PERMIT,1,PERMIT,1,PERMIT,1,PERMIT,1,PERMIT,1,PERMIT,1,PERMIT
Q0034,standard,,H_HR:E_H_HR,G08-00721,release,,1,PERMIT,1,PERMIT,1,PERMIT,1,PERMIT,1,PERMIT,1,PERMIT,1,PERMIT
Q0035,standard,,B_RHQ:E_B_RHQ,G08-00745,withhold,,1,PERMIT,1,PERMIT,1,PERMIT,1,PERMIT,0,DENY(R3),0,DENY,0,DENY
Q0036,standard,,B_RHQ:E_B_RHQ,G08-00817,withhold,,1,PERMIT,1,PERMIT,1,PERMIT,1,PERMIT,0,DENY(R3),0,DENY,0,DENY
Q0037,standard,,F_PAY:E_F_PAY,G08-00736,release,,1,PERMIT,1,PERMIT,1,PERMIT,1,PERMIT,1,PERMIT,1,PERMIT,1,PERMIT
Q0038,standard,,F_PAY:E_F_PAY,G08-00712,release,,1,PERMIT,1,PERMIT,1,PERMIT,1,PERMIT,1,PERMIT,1,PERMIT,1,PERMIT
Q0039,standard,,B_BR:E_B_BR,G08-00715,withhold,,1,PERMIT,1,PERMIT,1,PERMIT,1,PERMIT,0,DENY(R3),0,DENY,0,DENY
Q0040,standard,,B_BR:E_B_BR,G08-00844,withhold,,1,PERMIT,1,PERMIT,1,PERMIT,1,PERMIT,0,DENY(R3),0,DENY,0,DENY
Q0041,standard,,F_SEC:E_F_SEC,G08-00760,release,,1,PERMIT,1,PERMIT,1,PERMIT,1,PERMIT,1,PERMIT,1,PERMIT,1,PERMIT
Q0042,standard,,F_SEC:E_F_SEC,G08-00691,release,,1,PERMIT,1,PERMIT,1,PERMIT,1,PERMIT,1,PERMIT,1,PERMIT,1,PERMIT
Q0043,standard,,F_SAL:E_F_SAL,G08-00742,withhold,,1,PERMIT,1,PERMIT,1,PERMIT,1,PERMIT,0,DENY(R3),0,DENY,0,DENY
Q0044,standard,,F_SAL:E_F_SAL,G08-00781,withhold,,1,PERMIT,1,PERMIT,1,PERMIT,1,PERMIT,0,DENY(R3),0,DENY,0,DENY
Q0045,standard,,F_CMP:E_F_CMP,G08-01036,release,,1,PERMIT,1,PERMIT,1,PERMIT,1,PERMIT,1,PERMIT,1,PERMIT,1,PERMIT
Q0046,standard,,F_CMP:E_F_CMP,G08-01046,release,,1,PERMIT,1,PERMIT,1,PERMIT,1,PERMIT,1,PERMIT,1,PERMIT,1,PERMIT
Q0047,standard,,F_SEC:E_F_SEC,G08-00936,withhold,,1,PERMIT,1,PERMIT,1,PERMIT,0,DENY,0,DENY(R3),0,DENY,0,DENY
Q0048,standard,,F_SEC:E_F_SEC,G08-00940,withhold,,1,PERMIT,1,PERMIT,1,PERMIT,0,DENY,0,DENY(R3),0,DENY,0,DENY
Q0049,standard,,H_HR:E_H_HR,G08-00972,release,,1,PERMIT,1,PERMIT,1,PERMIT,1,PERMIT,1,PERMIT,1,PERMIT,1,PERMIT
Q0050,standard,,H_HR:E_H_HR,G08-00940,release,,1,PERMIT,1,PERMIT,1,PERMIT,1,PERMIT,1,PERMIT,1,PERMIT,1,PERMIT
Q0051,standard,,F_PAY:E_F_PAY,G08-01020,release,,1,PERMIT,1,PERMIT,1,PERMIT,1,PERMIT,1,PERMIT,1,PERMIT,1,PERMIT
Q0052,standard,,F_PAY:E_F_PAY,G08-00940,release,,1,PERMIT,1,PERMIT,1,PERMIT,1,PERMIT,1,PERMIT,1,PERMIT,1,PERMIT
Q0053,standard,,B_BR:E_B_BR,G08-00976,withhold,,1,PERMIT,1,PERMIT,1,PERMIT,1,PERMIT,0,DENY(R3),0,DENY,0,DENY
Q0054,standard,,B_BR:E_B_BR,G08-01012,withhold,,1,PERMIT,1,PERMIT,1,PERMIT,1,PERMIT,0,DENY(R3),0,DENY,0,DENY
Q0055,standard,,B_BR:E_B_BR,G05-00208,withhold,,1,PERMIT,1,PERMIT,1,PERMIT,1,PERMIT,0,DENY(R3),0,DENY,0,DENY
Q0056,standard,,B_BR:E_B_BR,G05-00153,withhold,,1,PERMIT,1,PERMIT,1,PERMIT,1,PERMIT,0,DENY(R3),0,DENY,0,DENY
Q0057,standard,,B_RHQ:E_B_RHQ,G05-00138,withhold,,1,PERMIT,1,PERMIT,1,PERMIT,1,PERMIT,0,DENY(R3),0,DENY,0,DENY
Q0058,standard,,B_RHQ:E_B_RHQ,G05-00308,withhold,,1,PERMIT,1,PERMIT,1,PERMIT,1,PERMIT,0,DENY(R3),0,DENY,0,DENY
Q0059,standard,,F_SAL:E_F_SAL,G05-00208,release,,1,PERMIT,1,PERMIT,1,PERMIT,1,PERMIT,1,PERMIT,1,PERMIT,1,PERMIT
Q0060,standard,,F_SAL:E_F_SAL,G05-00318,release,,1,PERMIT,1,PERMIT,1,PERMIT,1,PERMIT,1,PERMIT,1,PERMIT,1,PERMIT
Q0061,standard,,F_CMP:E_F_CMP,G05-00148,release,,1,PERMIT,1,PERMIT,1,PERMIT,1,PERMIT,1,PERMIT,1,PERMIT,1,PERMIT
Q0062,standard,,F_CMP:E_F_CMP,G05-00143,release,,1,PERMIT,1,PERMIT,1,PERMIT,1,PERMIT,1,PERMIT,1,PERMIT,1,PERMIT
Q0063,standard,,H_HR:E_H_HR,G05-00213,withhold,,1,PERMIT,0,DENY,0,DENY,0,DENY,0,DENY(R3),0,DENY,0,DENY
Q0064,standard,,H_HR:E_H_HR,G05-00288,withhold,,1,PERMIT,0,DENY,0,DENY,0,DENY,0,DENY(R3),0,DENY,0,DENY
Q0065,standard,,F_PAY:E_F_PAY,G05-00108,withhold,,1,PERMIT,0,DENY,0,DENY,0,DENY,0,DENY(R3),0,DENY,0,DENY
Q0066,standard,,F_PAY:E_F_PAY,G05-00213,withhold,,1,PERMIT,0,DENY,0,DENY,0,DENY,0,DENY(R3),0,DENY,0,DENY
Q0067,standard,,S_ACC:E_S_ACC,G05-00093,withhold,,1,PERMIT,0,DENY,0,DENY,0,DENY,0,DENY(R3),0,DENY,0,DENY
Q0068,standard,,S_ACC:E_S_ACC,G05-00328,withhold,,1,PERMIT,0,DENY,0,DENY,0,DENY,0,DENY(R3),0,DENY,0,DENY
Q0069,standard,,F_SEC:E_F_SEC,G05-00083,withhold,,1,PERMIT,0,DENY,0,DENY,0,DENY,0,DENY(R3),0,DENY,0,DENY
Q0070,standard,,F_SEC:E_F_SEC,G05-00263,withhold,,1,PERMIT,0,DENY,0,DENY,0,DENY,0,DENY(R3),0,DENY,0,DENY
Q0071,standard,,B_BR:E_B_BR,G05-00488,withhold,,1,PERMIT,1,PERMIT,1,PERMIT,1,PERMIT,0,DENY(R3),0,DENY,0,DENY
Q0072,standard,,B_BR:E_B_BR,G05-00573,withhold,,1,PERMIT,1,PERMIT,1,PERMIT,1,PERMIT,0,DENY(R3),0,DENY,0,DENY
Q0073,standard,,F_CMP:E_F_CMP,G05-00555,release,,1,PERMIT,1,PERMIT,1,PERMIT,1,PERMIT,1,PERMIT,1,PERMIT,1,PERMIT
Q0074,standard,,F_CMP:E_F_CMP,G05-00537,release,,1,PERMIT,1,PERMIT,1,PERMIT,1,PERMIT,1,PERMIT,1,PERMIT,1,PERMIT
Q0075,standard,,H_HR:E_H_HR,G05-00470,withhold,,1,PERMIT,0,DENY,0,DENY,0,DENY,0,DENY(R3),0,DENY,0,DENY
Q0076,standard,,H_HR:E_H_HR,G05-00550,withhold,,1,PERMIT,0,DENY,0,DENY,0,DENY,0,DENY(R3),0,DENY,0,DENY
Q0077,standard,,F_PAY:E_F_PAY,G05-00537,withhold,,1,PERMIT,0,DENY,0,DENY,0,DENY,0,DENY(R3),0,DENY,0,DENY
Q0078,standard,,F_PAY:E_F_PAY,G05-00561,withhold,,1,PERMIT,0,DENY,0,DENY,0,DENY,0,DENY(R3),0,DENY,0,DENY
Q0079,standard,,B_RHQ:E_B_RHQ,G05-00512,withhold,,1,PERMIT,1,PERMIT,1,PERMIT,0,DENY,0,DENY(R3),0,DENY,0,DENY
Q0080,standard,,B_RHQ:E_B_RHQ,G05-00496,withhold,,1,PERMIT,1,PERMIT,1,PERMIT,0,DENY,0,DENY(R3),0,DENY,0,DENY
Q0081,standard,,B_BR:E_B_BR,G02-00342,withhold,,1,PERMIT,1,PERMIT,1,PERMIT,1,PERMIT,0,DENY(R3),0,DENY,0,DENY
Q0082,standard,,B_BR:E_B_BR,G02-00217,withhold,,1,PERMIT,1,PERMIT,1,PERMIT,1,PERMIT,0,DENY(R3),0,DENY,0,DENY
Q0083,standard,,B_RHQ:E_B_RHQ,G02-00172,withhold,,1,PERMIT,1,PERMIT,1,PERMIT,1,PERMIT,0,DENY(R3),0,DENY,0,DENY
Q0084,standard,,B_RHQ:E_B_RHQ,G02-00092,withhold,,1,PERMIT,1,PERMIT,1,PERMIT,1,PERMIT,0,DENY(R3),0,DENY,0,DENY
Q0085,standard,,C_CC:E_C_CC,G02-00177,release,,1,PERMIT,1,PERMIT,1,PERMIT,1,PERMIT,1,PERMIT,1,PERMIT,1,PERMIT
Q0086,standard,,C_CC:E_C_CC,G02-00252,release,,1,PERMIT,1,PERMIT,1,PERMIT,1,PERMIT,1,PERMIT,1,PERMIT,1,PERMIT
Q0087,standard,,H_HR:E_H_HR,G02-00182,withhold,,1,PERMIT,0,DENY,0,DENY,0,DENY,0,DENY(R3),0,DENY,0,DENY
Q0088,standard,,H_HR:E_H_HR,G02-00207,withhold,,1,PERMIT,0,DENY,0,DENY,0,DENY,0,DENY(R3),0,DENY,0,DENY
Q0089,standard,,F_PAY:E_F_PAY,G02-00082,withhold,,1,PERMIT,0,DENY,0,DENY,0,DENY,0,DENY(R3),0,DENY,0,DENY
Q0090,standard,,F_PAY:E_F_PAY,G02-00302,withhold,,1,PERMIT,0,DENY,0,DENY,0,DENY,0,DENY(R3),0,DENY,0,DENY
Q0091,standard,,F_CMP:E_F_CMP,G02-00217,release,,1,PERMIT,1,PERMIT,1,PERMIT,1,PERMIT,1,PERMIT,1,PERMIT,1,PERMIT
Q0092,standard,,F_CMP:E_F_CMP,G02-00082,release,,1,PERMIT,1,PERMIT,1,PERMIT,1,PERMIT,1,PERMIT,1,PERMIT,1,PERMIT
Q0093,standard,,B_BR:E_B_BR,G02-00569,withhold,,1,PERMIT,1,PERMIT,1,PERMIT,1,PERMIT,0,DENY(R3),0,DENY,0,DENY
Q0094,standard,,B_BR:E_B_BR,G02-00503,withhold,,1,PERMIT,1,PERMIT,1,PERMIT,1,PERMIT,0,DENY(R3),0,DENY,0,DENY
Q0095,standard,,C_CC:E_C_CC,G02-00528,withhold,,1,PERMIT,1,PERMIT,1,PERMIT,1,PERMIT,0,DENY(R3),0,DENY,0,DENY
Q0096,standard,,C_CC:E_C_CC,G02-00563,withhold,,1,PERMIT,1,PERMIT,1,PERMIT,1,PERMIT,0,DENY(R3),0,DENY,0,DENY
Q0097,standard,,F_CMP:E_F_CMP,G02-00523,release,,1,PERMIT,1,PERMIT,1,PERMIT,1,PERMIT,1,PERMIT,1,PERMIT,1,PERMIT
Q0098,standard,,F_CMP:E_F_CMP,G02-00510,release,,1,PERMIT,1,PERMIT,1,PERMIT,1,PERMIT,1,PERMIT,1,PERMIT,1,PERMIT
Q0099,standard,,H_HR:E_H_HR,G02-00497,withhold,,1,PERMIT,0,DENY,0,DENY,0,DENY,0,DENY(R3),0,DENY,0,DENY
Q0100,standard,,H_HR:E_H_HR,G02-00474,withhold,,1,PERMIT,0,DENY,0,DENY,0,DENY,0,DENY(R3),0,DENY,0,DENY
Q0101,standard,,F_PAY:E_F_PAY,G02-00523,withhold,,1,PERMIT,0,DENY,0,DENY,0,DENY,0,DENY(R3),0,DENY,0,DENY
Q0102,standard,,F_PAY:E_F_PAY,G02-00540,withhold,,1,PERMIT,0,DENY,0,DENY,0,DENY,0,DENY(R3),0,DENY,0,DENY
Q0103,standard,,B_RHQ:E_B_RHQ,G02-00565,withhold,,1,PERMIT,1,PERMIT,1,PERMIT,0,DENY,0,DENY(R3),0,DENY,0,DENY
Q0104,standard,,B_RHQ:E_B_RHQ,G02-00468,withhold,,1,PERMIT,1,PERMIT,1,PERMIT,0,DENY,0,DENY(R3),0,DENY,0,DENY
Q0105,standard,,S_ACC:E_S_ACC,G01-00000,release,,1,PERMIT,1,PERMIT,1,PERMIT,1,PERMIT,1,PERMIT,1,PERMIT,1,PERMIT
Q0106,standard,,B_BR:E_B_BR,G01-00000,release,,1,PERMIT,1,PERMIT,1,PERMIT,1,PERMIT,1,PERMIT,1,PERMIT,1,PERMIT
Q0107,standard,,H_HR:E_H_HR,G01-00000,release,,1,PERMIT,1,PERMIT,1,PERMIT,1,PERMIT,1,PERMIT,1,PERMIT,1,PERMIT
Q0108,standard,,F_PAY:E_F_PAY,G01-00000,release,,1,PERMIT,1,PERMIT,1,PERMIT,1,PERMIT,1,PERMIT,1,PERMIT,1,PERMIT
Q0109,standard,,F_CMP:E_F_CMP,G01-00000,release,,1,PERMIT,1,PERMIT,1,PERMIT,1,PERMIT,1,PERMIT,1,PERMIT,1,PERMIT
Q0110,standard,,S_ACC:E_S_ACC,G01-00028,release,,1,PERMIT,1,PERMIT,1,PERMIT,1,PERMIT,1,PERMIT,1,PERMIT,1,PERMIT
Q0111,standard,,S_ACC:E_S_ACC,G01-00053,release,,1,PERMIT,1,PERMIT,1,PERMIT,1,PERMIT,1,PERMIT,1,PERMIT,1,PERMIT
Q0112,standard,,B_RHQ:E_B_RHQ,G01-00029,release,,1,PERMIT,1,PERMIT,1,PERMIT,1,PERMIT,1,PERMIT,1,PERMIT,1,PERMIT
Q0113,standard,,B_RHQ:E_B_RHQ,G01-00007,release,,1,PERMIT,1,PERMIT,1,PERMIT,1,PERMIT,1,PERMIT,1,PERMIT,1,PERMIT
Q0114,standard,,H_HR:E_H_HR,G01-00004,release,,1,PERMIT,1,PERMIT,1,PERMIT,1,PERMIT,1,PERMIT,1,PERMIT,1,PERMIT
Q0115,standard,,H_HR:E_H_HR,G01-00013,release,,1,PERMIT,1,PERMIT,1,PERMIT,1,PERMIT,1,PERMIT,1,PERMIT,1,PERMIT
Q0116,standard,,F_PAY:E_F_PAY,G01-00044,release,,1,PERMIT,1,PERMIT,1,PERMIT,1,PERMIT,1,PERMIT,1,PERMIT,1,PERMIT
Q0117,standard,,F_PAY:E_F_PAY,G01-00026,release,,1,PERMIT,1,PERMIT,1,PERMIT,1,PERMIT,1,PERMIT,1,PERMIT,1,PERMIT
Q0118,standard,,F_CMP:E_F_CMP,G01-00059,release,,1,PERMIT,1,PERMIT,1,PERMIT,1,PERMIT,1,PERMIT,1,PERMIT,1,PERMIT
Q0119,standard,,F_CMP:E_F_CMP,G01-00022,release,,1,PERMIT,1,PERMIT,1,PERMIT,1,PERMIT,1,PERMIT,1,PERMIT,1,PERMIT
Q0120,standard,,F_SEC:E_F_SEC,G11-02412,release,,1,PERMIT,1,PERMIT,1,PERMIT,1,PERMIT,1,PERMIT,1,PERMIT,1,PERMIT
Q0121,standard,,F_SEC:E_F_SEC,G11-02411,release,,1,PERMIT,1,PERMIT,1,PERMIT,1,PERMIT,1,PERMIT,1,PERMIT,1,PERMIT
Q0122,standard,,F_CMP:E_F_CMP,G11-02444,release,,1,PERMIT,1,PERMIT,1,PERMIT,1,PERMIT,1,PERMIT,1,PERMIT,1,PERMIT
Q0123,standard,,F_CMP:E_F_CMP,G11-02411,release,,1,PERMIT,1,PERMIT,1,PERMIT,1,PERMIT,1,PERMIT,1,PERMIT,1,PERMIT
Q0124,standard,,H_HR:E_H_HR,G11-02415,withhold,,1,PERMIT,0,DENY,0,DENY,0,DENY,0,DENY(R3),0,DENY,0,DENY
Q0125,standard,,H_HR:E_H_HR,G11-02419,withhold,,1,PERMIT,0,DENY,0,DENY,0,DENY,0,DENY(R3),0,DENY,0,DENY
Q0126,standard,,F_PAY:E_F_PAY,G11-02380,withhold,,1,PERMIT,0,DENY,0,DENY,0,DENY,0,DENY(R3),0,DENY,0,DENY
Q0127,standard,,F_PAY:E_F_PAY,G11-02435,withhold,,1,PERMIT,0,DENY,0,DENY,0,DENY,0,DENY(R3),0,DENY,0,DENY
Q0128,standard,,B_BR:E_B_BR,G11-02435,withhold,,1,PERMIT,0,DENY,0,DENY,0,DENY,0,DENY(R3),0,DENY,0,DENY
Q0129,standard,,B_BR:E_B_BR,G11-02414,withhold,,1,PERMIT,0,DENY,0,DENY,0,DENY,0,DENY(R3),0,DENY,0,DENY
Q0130,standard,,F_SEC:E_F_SEC,G11-02348,release,,1,PERMIT,1,PERMIT,1,PERMIT,1,PERMIT,1,PERMIT,1,PERMIT,1,PERMIT
Q0131,standard,,F_SEC:E_F_SEC,G11-02321,release,,1,PERMIT,1,PERMIT,1,PERMIT,1,PERMIT,1,PERMIT,1,PERMIT,1,PERMIT
Q0132,standard,,F_CMP:E_F_CMP,G11-02337,release,,1,PERMIT,1,PERMIT,1,PERMIT,1,PERMIT,1,PERMIT,1,PERMIT,1,PERMIT
Q0133,standard,,F_CMP:E_F_CMP,G11-02327,release,,1,PERMIT,1,PERMIT,1,PERMIT,1,PERMIT,1,PERMIT,1,PERMIT,1,PERMIT
Q0134,standard,,H_HR:E_H_HR,G11-02354,withhold,,1,PERMIT,0,DENY,0,DENY,0,DENY,0,DENY(R3),0,DENY,0,DENY
Q0135,standard,,H_HR:E_H_HR,G11-02331,withhold,,1,PERMIT,0,DENY,0,DENY,0,DENY,0,DENY(R3),0,DENY,0,DENY
Q0136,standard,,F_PAY:E_F_PAY,G11-02332,withhold,,1,PERMIT,0,DENY,0,DENY,0,DENY,0,DENY(R3),0,DENY,0,DENY
Q0137,standard,,F_PAY:E_F_PAY,G11-02319,withhold,,1,PERMIT,0,DENY,0,DENY,0,DENY,0,DENY(R3),0,DENY,0,DENY
Q0138,standard,,B_BR:E_B_BR,G11-02320,withhold,,1,PERMIT,0,DENY,0,DENY,0,DENY,0,DENY(R3),0,DENY,0,DENY
Q0139,standard,,B_BR:E_B_BR,G11-02337,withhold,,1,PERMIT,0,DENY,0,DENY,0,DENY,0,DENY(R3),0,DENY,0,DENY
Q0140,standard,,B_RHQ:E_B_RHQ,G11-02334,withhold,,1,PERMIT,0,DENY,0,DENY,0,DENY,0,DENY(R3),0,DENY,0,DENY
Q0141,standard,,B_RHQ:E_B_RHQ,G11-02304,withhold,,1,PERMIT,0,DENY,0,DENY,0,DENY,0,DENY(R3),0,DENY,0,DENY
Q0142,standard,,F_SAL:E_F_SAL,SAR-00001,withhold,,1,PERMIT,1,PERMIT,1,PERMIT,1,PERMIT,0,DENY(R3),0,DENY,0,DENY
Q0143,standard,,F_SAL:E_F_SAL,G06-00081,release,,1,PERMIT,1,PERMIT,1,PERMIT,1,PERMIT,1,PERMIT,1,PERMIT,1,PERMIT
Q0144,standard,,S_DIV:E_S_DIV,SAR-00001,withhold,,1,PERMIT,1,PERMIT,1,PERMIT,1,PERMIT,0,DENY(R3),0,DENY,0,DENY
Q0145,standard,,S_DIV:E_S_DIV,G06-00081,release,,1,PERMIT,1,PERMIT,1,PERMIT,1,PERMIT,1,PERMIT,1,PERMIT,1,PERMIT
Q0146,standard,,H_HR:E_H_HR,SAR-00001,withhold,,1,PERMIT,0,DENY,0,DENY,0,DENY,0,DENY(R3),0,DENY,0,DENY
Q0147,standard,,H_HR:E_H_HR,G06-00081,withhold,,1,PERMIT,0,DENY,0,DENY,0,DENY,0,DENY(R3),0,DENY,0,DENY
Q0148,standard,,F_PAY:E_F_PAY,G06-00081,withhold,,1,PERMIT,0,DENY,0,DENY,0,DENY,0,DENY(R3),0,DENY,0,DENY
Q0149,standard,,F_PAY:E_F_PAY,SAR-00001,withhold,,1,PERMIT,0,DENY,0,DENY,0,DENY,0,DENY(R3),0,DENY,0,DENY
Q0150,standard,,F_CMP:E_F_CMP,SAR-00001,release,,1,PERMIT,1,PERMIT,1,PERMIT,1,PERMIT,1,PERMIT,1,PERMIT,1,PERMIT
Q0151,standard,,F_CMP:E_F_CMP,G06-00081,release,,1,PERMIT,1,PERMIT,1,PERMIT,1,PERMIT,1,PERMIT,1,PERMIT,1,PERMIT
Q0152,standard,,F_SAL:E_F_SAL,G06-00221,release,,1,PERMIT,1,PERMIT,1,PERMIT,1,PERMIT,1,PERMIT,1,PERMIT,1,PERMIT
Q0153,standard,,F_SAL:E_F_SAL,G06-00116,release,,1,PERMIT,1,PERMIT,1,PERMIT,1,PERMIT,1,PERMIT,1,PERMIT,1,PERMIT
Q0154,standard,,S_ACC:E_S_ACC,G06-00281,release,,1,PERMIT,1,PERMIT,1,PERMIT,1,PERMIT,1,PERMIT,1,PERMIT,1,PERMIT
Q0155,standard,,S_ACC:E_S_ACC,G06-00121,release,,1,PERMIT,1,PERMIT,1,PERMIT,1,PERMIT,1,PERMIT,1,PERMIT,1,PERMIT
Q0156,standard,,B_BR:E_B_BR,G06-00201,withhold,,1,PERMIT,1,PERMIT,1,PERMIT,1,PERMIT,0,DENY(R3),0,DENY,0,DENY
Q0157,standard,,B_BR:E_B_BR,G06-00261,withhold,,1,PERMIT,1,PERMIT,1,PERMIT,1,PERMIT,0,DENY(R3),0,DENY,0,DENY
Q0158,standard,,H_HR:E_H_HR,G06-00266,withhold,,1,PERMIT,0,DENY,0,DENY,0,DENY,0,DENY(R3),0,DENY,0,DENY
Q0159,standard,,H_HR:E_H_HR,G06-00336,withhold,,1,PERMIT,0,DENY,0,DENY,0,DENY,0,DENY(R3),0,DENY,0,DENY
Q0160,standard,,F_PAY:E_F_PAY,G06-00216,withhold,,1,PERMIT,0,DENY,0,DENY,0,DENY,0,DENY(R3),0,DENY,0,DENY
Q0161,standard,,F_PAY:E_F_PAY,G06-00291,withhold,,1,PERMIT,0,DENY,0,DENY,0,DENY,0,DENY(R3),0,DENY,0,DENY
Q0162,standard,,F_CMP:E_F_CMP,G06-00141,release,,1,PERMIT,1,PERMIT,1,PERMIT,1,PERMIT,1,PERMIT,1,PERMIT,1,PERMIT
Q0163,standard,,F_CMP:E_F_CMP,G06-00156,release,,1,PERMIT,1,PERMIT,1,PERMIT,1,PERMIT,1,PERMIT,1,PERMIT,1,PERMIT
Q0164,standard,,B_BR:E_B_BR,G03-00250,withhold,,1,PERMIT,1,PERMIT,1,PERMIT,1,PERMIT,0,DENY(R3),0,DENY,0,DENY
Q0165,standard,,B_BR:E_B_BR,G03-00115,withhold,,1,PERMIT,1,PERMIT,1,PERMIT,1,PERMIT,0,DENY(R3),0,DENY,0,DENY
Q0166,standard,,C_CC:E_C_CC,G03-00285,release,,1,PERMIT,1,PERMIT,1,PERMIT,1,PERMIT,1,PERMIT,1,PERMIT,1,PERMIT
Q0167,standard,,C_CC:E_C_CC,G03-00330,release,,1,PERMIT,1,PERMIT,1,PERMIT,1,PERMIT,1,PERMIT,1,PERMIT,1,PERMIT
Q0168,standard,,H_HR:E_H_HR,G03-00135,withhold,,1,PERMIT,0,DENY,0,DENY,0,DENY,0,DENY(R3),0,DENY,0,DENY
Q0169,standard,,H_HR:E_H_HR,G03-00340,withhold,,1,PERMIT,0,DENY,0,DENY,0,DENY,0,DENY(R3),0,DENY,0,DENY
Q0170,standard,,F_PAY:E_F_PAY,G03-00245,withhold,,1,PERMIT,0,DENY,0,DENY,0,DENY,0,DENY(R3),0,DENY,0,DENY
Q0171,standard,,F_PAY:E_F_PAY,G03-00365,withhold,,1,PERMIT,0,DENY,0,DENY,0,DENY,0,DENY(R3),0,DENY,0,DENY
Q0172,standard,,F_CMP:E_F_CMP,G03-00260,release,,1,PERMIT,1,PERMIT,1,PERMIT,1,PERMIT,1,PERMIT,1,PERMIT,1,PERMIT
Q0173,standard,,F_CMP:E_F_CMP,G03-00155,release,,1,PERMIT,1,PERMIT,1,PERMIT,1,PERMIT,1,PERMIT,1,PERMIT,1,PERMIT
Q0174,standard,,B_BR:E_B_BR,G04-00369,withhold,,1,PERMIT,1,PERMIT,1,PERMIT,1,PERMIT,0,DENY(R3),0,DENY,0,DENY
Q0175,standard,,B_BR:E_B_BR,G04-00164,withhold,,1,PERMIT,1,PERMIT,1,PERMIT,1,PERMIT,0,DENY(R3),0,DENY,0,DENY
Q0176,standard,,S_DEP:E_S_DEP,G04-00099,withhold,,1,PERMIT,1,PERMIT,1,PERMIT,0,DENY,0,DENY(R3),0,DENY,0,DENY
Q0177,standard,,S_DEP:E_S_DEP,G04-00274,withhold,,1,PERMIT,1,PERMIT,1,PERMIT,0,DENY,0,DENY(R3),0,DENY,0,DENY
Q0178,standard,,H_HR:E_H_HR,G04-00264,withhold,,1,PERMIT,0,DENY,0,DENY,0,DENY,0,DENY(R3),0,DENY,0,DENY
Q0179,standard,,H_HR:E_H_HR,G04-00199,withhold,,1,PERMIT,0,DENY,0,DENY,0,DENY,0,DENY(R3),0,DENY,0,DENY
Q0180,standard,,F_PAY:E_F_PAY,G04-00164,withhold,,1,PERMIT,0,DENY,0,DENY,0,DENY,0,DENY(R3),0,DENY,0,DENY
Q0181,standard,,F_PAY:E_F_PAY,G04-00149,withhold,,1,PERMIT,0,DENY,0,DENY,0,DENY,0,DENY(R3),0,DENY,0,DENY
Q0182,standard,,F_CMP:E_F_CMP,G04-00204,release,,1,PERMIT,1,PERMIT,1,PERMIT,1,PERMIT,1,PERMIT,1,PERMIT,1,PERMIT
Q0183,standard,,F_CMP:E_F_CMP,G04-00229,release,,1,PERMIT,1,PERMIT,1,PERMIT,1,PERMIT,1,PERMIT,1,PERMIT,1,PERMIT
Q0184,standard,,H_HR:E_H_HR,G10-02237,release,,1,PERMIT,1,PERMIT,1,PERMIT,1,PERMIT,1,PERMIT,1,PERMIT,1,PERMIT
Q0185,standard,,H_HR:E_H_HR,G10-02233,release,,1,PERMIT,1,PERMIT,1,PERMIT,1,PERMIT,1,PERMIT,1,PERMIT,1,PERMIT
Q0186,standard,,F_PAY:E_F_PAY,G10-02268,release,,1,PERMIT,1,PERMIT,1,PERMIT,1,PERMIT,1,PERMIT,1,PERMIT,1,PERMIT
Q0187,standard,,F_PAY:E_F_PAY,G10-02235,release,,1,PERMIT,1,PERMIT,1,PERMIT,1,PERMIT,1,PERMIT,1,PERMIT,1,PERMIT
Q0188,standard,,F_CMP:E_F_CMP,G10-02225,release,,1,PERMIT,1,PERMIT,1,PERMIT,1,PERMIT,1,PERMIT,1,PERMIT,1,PERMIT
Q0189,standard,,F_CMP:E_F_CMP,G10-02203,release,,1,PERMIT,1,PERMIT,1,PERMIT,1,PERMIT,1,PERMIT,1,PERMIT,1,PERMIT
Q0190,standard,,B_BR:E_B_BR,G10-02267,withhold,,1,PERMIT,1,PERMIT,1,PERMIT,1,PERMIT,0,DENY(R3),0,DENY,0,DENY
Q0191,standard,,B_BR:E_B_BR,G10-02251,withhold,,1,PERMIT,1,PERMIT,1,PERMIT,1,PERMIT,0,DENY(R3),0,DENY,0,DENY
Q0192,standard,,B_RHQ:E_B_RHQ,G10-02233,withhold,,1,PERMIT,1,PERMIT,1,PERMIT,1,PERMIT,0,DENY(R3),0,DENY,0,DENY
Q0193,standard,,B_RHQ:E_B_RHQ,G10-02231,withhold,,1,PERMIT,1,PERMIT,1,PERMIT,1,PERMIT,0,DENY(R3),0,DENY,0,DENY
Q0194,standard,,H_HR:E_H_HR,G10-02144,release,,1,PERMIT,1,PERMIT,1,PERMIT,1,PERMIT,1,PERMIT,1,PERMIT,1,PERMIT
Q0195,standard,,H_HR:E_H_HR,G10-02134,release,,1,PERMIT,1,PERMIT,1,PERMIT,1,PERMIT,1,PERMIT,1,PERMIT,1,PERMIT
Q0196,standard,,F_PAY:E_F_PAY,G10-02159,release,,1,PERMIT,1,PERMIT,1,PERMIT,1,PERMIT,1,PERMIT,1,PERMIT,1,PERMIT
Q0197,standard,,F_PAY:E_F_PAY,G10-02158,release,,1,PERMIT,1,PERMIT,1,PERMIT,1,PERMIT,1,PERMIT,1,PERMIT,1,PERMIT
Q0198,standard,,F_CMP:E_F_CMP,G10-02149,release,,1,PERMIT,1,PERMIT,1,PERMIT,1,PERMIT,1,PERMIT,1,PERMIT,1,PERMIT
Q0199,standard,,F_CMP:E_F_CMP,G10-02143,release,,1,PERMIT,1,PERMIT,1,PERMIT,1,PERMIT,1,PERMIT,1,PERMIT,1,PERMIT
Q0200,standard,,B_BR:E_B_BR,G10-02125,withhold,,1,PERMIT,1,PERMIT,1,PERMIT,1,PERMIT,0,DENY(R3),0,DENY,0,DENY
Q0201,standard,,B_BR:E_B_BR,G10-02161,withhold,,1,PERMIT,1,PERMIT,1,PERMIT,1,PERMIT,0,DENY(R3),0,DENY,0,DENY
Q0202,standard,,B_RHQ:E_B_RHQ,G10-02146,withhold,,1,PERMIT,1,PERMIT,1,PERMIT,1,PERMIT,0,DENY(R3),0,DENY,0,DENY
Q0203,standard,,B_RHQ:E_B_RHQ,G10-02130,withhold,,1,PERMIT,1,PERMIT,1,PERMIT,1,PERMIT,0,DENY(R3),0,DENY,0,DENY
Q0204,standard,,S_ACC:E_S_ACC,G10-02149,withhold,,1,PERMIT,1,PERMIT,1,PERMIT,1,PERMIT,0,DENY(R3),0,DENY,0,DENY
Q0205,standard,,S_ACC:E_S_ACC,G10-02148,withhold,,1,PERMIT,1,PERMIT,1,PERMIT,1,PERMIT,0,DENY(R3),0,DENY,0,DENY
Q0206,standard,,S_ACC:E_S_ACC,G07-00587,release,,1,PERMIT,1,PERMIT,1,PERMIT,1,PERMIT,1,PERMIT,1,PERMIT,1,PERMIT
Q0207,standard,,F_CMP:E_F_CMP,G07-00587,release,,1,PERMIT,1,PERMIT,1,PERMIT,1,PERMIT,1,PERMIT,1,PERMIT,1,PERMIT
Q0208,standard,,H_HR:E_H_HR,G07-00587,withhold,,1,PERMIT,0,DENY,0,DENY,0,DENY,0,DENY(R3),0,DENY,0,DENY
Q0209,standard,,F_PAY:E_F_PAY,G07-00587,withhold,,1,PERMIT,0,DENY,0,DENY,0,DENY,0,DENY(R3),0,DENY,0,DENY
Q0210,standard,,B_BR:E_B_BR,G07-00587,withhold,,1,PERMIT,0,DENY,0,DENY,0,DENY,0,DENY(R3),0,DENY,0,DENY
Q0211,standard,,S_ACC:E_S_ACC,G07-00696,release,,1,PERMIT,1,PERMIT,1,PERMIT,1,PERMIT,1,PERMIT,1,PERMIT,1,PERMIT
Q0212,standard,,S_ACC:E_S_ACC,G07-00777,release,,1,PERMIT,1,PERMIT,1,PERMIT,1,PERMIT,1,PERMIT,1,PERMIT,1,PERMIT
Q0213,standard,,H_HR:E_H_HR,G07-00777,withhold,,1,PERMIT,0,DENY,0,DENY,0,DENY,0,DENY(R3),0,DENY,0,DENY
Q0214,standard,,H_HR:E_H_HR,G07-00702,withhold,,1,PERMIT,0,DENY,0,DENY,0,DENY,0,DENY(R3),0,DENY,0,DENY
Q0215,standard,,F_PAY:E_F_PAY,G07-00774,withhold,,1,PERMIT,0,DENY,0,DENY,0,DENY,0,DENY(R3),0,DENY,0,DENY
Q0216,standard,,F_PAY:E_F_PAY,G07-00813,withhold,,1,PERMIT,0,DENY,0,DENY,0,DENY,0,DENY(R3),0,DENY,0,DENY
Q0217,standard,,F_CMP:E_F_CMP,G07-00693,release,,1,PERMIT,1,PERMIT,1,PERMIT,1,PERMIT,1,PERMIT,1,PERMIT,1,PERMIT
Q0218,standard,,F_CMP:E_F_CMP,G07-00741,release,,1,PERMIT,1,PERMIT,1,PERMIT,1,PERMIT,1,PERMIT,1,PERMIT,1,PERMIT
Q0219,standard,,F_DW:E_F_DW,G12-02475,release,,1,PERMIT,1,PERMIT,1,PERMIT,1,PERMIT,1,PERMIT,1,PERMIT,1,PERMIT
Q0220,standard,,H_HR:E_H_HR,G12-02475,withhold,,1,PERMIT,0,DENY,0,DENY,0,DENY,0,DENY(R3),0,DENY,0,DENY
Q0221,standard,,F_PAY:E_F_PAY,G12-02475,withhold,,1,PERMIT,0,DENY,0,DENY,0,DENY,0,DENY(R3),0,DENY,0,DENY
Q0222,standard,,F_CMP:E_F_CMP,G12-02475,withhold,,1,PERMIT,0,DENY,0,DENY,0,DENY,0,DENY(R3),0,DENY,0,DENY
Q0223,standard,,F_DW:E_F_DW,G12-02486,release,,1,PERMIT,1,PERMIT,1,PERMIT,1,PERMIT,1,PERMIT,1,PERMIT,1,PERMIT
Q0224,standard,,F_DW:E_F_DW,G12-02578,release,,1,PERMIT,1,PERMIT,1,PERMIT,1,PERMIT,1,PERMIT,1,PERMIT,1,PERMIT
Q0225,standard,,H_HR:E_H_HR,G12-02554,withhold,,1,PERMIT,0,DENY,0,DENY,0,DENY,0,DENY(R3),0,DENY,0,DENY
Q0226,standard,,H_HR:E_H_HR,G12-02589,withhold,,1,PERMIT,0,DENY,0,DENY,0,DENY,0,DENY(R3),0,DENY,0,DENY
Q0227,standard,,F_PAY:E_F_PAY,G12-02539,withhold,,1,PERMIT,0,DENY,0,DENY,0,DENY,0,DENY(R3),0,DENY,0,DENY
Q0228,standard,,F_PAY:E_F_PAY,G12-02507,withhold,,1,PERMIT,0,DENY,0,DENY,0,DENY,0,DENY(R3),0,DENY,0,DENY
Q0229,standard,,F_CMP:E_F_CMP,G12-02476,withhold,,1,PERMIT,0,DENY,0,DENY,0,DENY,0,DENY(R3),0,DENY,0,DENY
Q0230,standard,,F_CMP:E_F_CMP,G12-02512,withhold,,1,PERMIT,0,DENY,0,DENY,0,DENY,0,DENY(R3),0,DENY,0,DENY
P0231,paraphrase,polite,H_HR:E_H_HR,G09-00602,release,Q0001,1,PERMIT,1,PERMIT,1,PERMIT,1,PERMIT,1,PERMIT,1,PERMIT,1,PERMIT
P0232,paraphrase,reorder,H_HR:E_H_HR,G09-00602,release,Q0001,1,PERMIT,1,PERMIT,1,PERMIT,1,PERMIT,1,PERMIT,1,PERMIT,1,PERMIT
P0233,paraphrase,polite,H_HR:E_H_HR,G09-00773,release,Q0002,1,PERMIT,1,PERMIT,1,PERMIT,1,PERMIT,1,PERMIT,1,PERMIT,1,PERMIT
P0234,paraphrase,reorder,H_HR:E_H_HR,G09-00773,release,Q0002,1,PERMIT,1,PERMIT,1,PERMIT,1,PERMIT,1,PERMIT,1,PERMIT,1,PERMIT
P0235,paraphrase,polite,F_PAY:E_F_PAY,G09-00752,release,Q0003,1,PERMIT,1,PERMIT,1,PERMIT,1,PERMIT,1,PERMIT,1,PERMIT,1,PERMIT
P0236,paraphrase,reorder,F_PAY:E_F_PAY,G09-00752,release,Q0003,1,PERMIT,1,PERMIT,1,PERMIT,1,PERMIT,1,PERMIT,1,PERMIT,1,PERMIT
P0237,paraphrase,polite,F_PAY:E_F_PAY,G09-00803,release,Q0004,1,PERMIT,1,PERMIT,1,PERMIT,1,PERMIT,1,PERMIT,1,PERMIT,1,PERMIT
P0238,paraphrase,reorder,F_PAY:E_F_PAY,G09-00803,release,Q0004,1,PERMIT,1,PERMIT,1,PERMIT,1,PERMIT,1,PERMIT,1,PERMIT,1,PERMIT
P0239,paraphrase,polite,F_CMP:E_F_CMP,G09-00785,release,Q0005,1,PERMIT,1,PERMIT,1,PERMIT,1,PERMIT,1,PERMIT,1,PERMIT,1,PERMIT
P0240,paraphrase,reorder,F_CMP:E_F_CMP,G09-00785,release,Q0005,1,PERMIT,1,PERMIT,1,PERMIT,1,PERMIT,1,PERMIT,1,PERMIT,1,PERMIT
P0241,paraphrase,polite,F_CMP:E_F_CMP,G09-00599,release,Q0006,1,PERMIT,1,PERMIT,1,PERMIT,1,PERMIT,1,PERMIT,1,PERMIT,1,PERMIT
P0242,paraphrase,reorder,F_CMP:E_F_CMP,G09-00599,release,Q0006,1,PERMIT,1,PERMIT,1,PERMIT,1,PERMIT,1,PERMIT,1,PERMIT,1,PERMIT
P0243,paraphrase,polite,H_HR:E_H_HR,G09-01025,release,Q0017,1,PERMIT,1,PERMIT,1,PERMIT,1,PERMIT,1,PERMIT,1,PERMIT,1,PERMIT
P0244,paraphrase,reorder,H_HR:E_H_HR,G09-01025,release,Q0017,1,PERMIT,1,PERMIT,1,PERMIT,1,PERMIT,1,PERMIT,1,PERMIT,1,PERMIT
P0245,paraphrase,polite,H_HR:E_H_HR,G09-01017,release,Q0018,1,PERMIT,1,PERMIT,1,PERMIT,1,PERMIT,1,PERMIT,1,PERMIT,1,PERMIT
P0246,paraphrase,reorder,H_HR:E_H_HR,G09-01017,release,Q0018,1,PERMIT,1,PERMIT,1,PERMIT,1,PERMIT,1,PERMIT,1,PERMIT,1,PERMIT
P0247,paraphrase,polite,F_PAY:E_F_PAY,G09-00965,release,Q0019,1,PERMIT,1,PERMIT,1,PERMIT,1,PERMIT,1,PERMIT,1,PERMIT,1,PERMIT
P0248,paraphrase,reorder,F_PAY:E_F_PAY,G09-00965,release,Q0019,1,PERMIT,1,PERMIT,1,PERMIT,1,PERMIT,1,PERMIT,1,PERMIT,1,PERMIT
P0249,paraphrase,polite,F_PAY:E_F_PAY,G09-01005,release,Q0020,1,PERMIT,1,PERMIT,1,PERMIT,1,PERMIT,1,PERMIT,1,PERMIT,1,PERMIT
P0250,paraphrase,reorder,F_PAY:E_F_PAY,G09-01005,release,Q0020,1,PERMIT,1,PERMIT,1,PERMIT,1,PERMIT,1,PERMIT,1,PERMIT,1,PERMIT
P0251,paraphrase,polite,F_CMP:E_F_CMP,G09-01013,release,Q0021,1,PERMIT,1,PERMIT,1,PERMIT,1,PERMIT,1,PERMIT,1,PERMIT,1,PERMIT
P0252,paraphrase,reorder,F_CMP:E_F_CMP,G09-01013,release,Q0021,1,PERMIT,1,PERMIT,1,PERMIT,1,PERMIT,1,PERMIT,1,PERMIT,1,PERMIT
P0253,paraphrase,polite,F_CMP:E_F_CMP,G09-00969,release,Q0022,1,PERMIT,1,PERMIT,1,PERMIT,1,PERMIT,1,PERMIT,1,PERMIT,1,PERMIT
P0254,paraphrase,reorder,F_CMP:E_F_CMP,G09-00969,release,Q0022,1,PERMIT,1,PERMIT,1,PERMIT,1,PERMIT,1,PERMIT,1,PERMIT,1,PERMIT
P0255,paraphrase,polite,F_CMP:E_F_CMP,G08-00601,release,Q0029,1,PERMIT,1,PERMIT,1,PERMIT,1,PERMIT,1,PERMIT,1,PERMIT,1,PERMIT
P0256,paraphrase,reorder,F_CMP:E_F_CMP,G08-00601,release,Q0029,1,PERMIT,1,PERMIT,1,PERMIT,1,PERMIT,1,PERMIT,1,PERMIT,1,PERMIT
P0257,paraphrase,polite,F_CMP:E_F_CMP,G08-00745,release,Q0030,1,PERMIT,1,PERMIT,1,PERMIT,1,PERMIT,1,PERMIT,1,PERMIT,1,PERMIT
P0258,paraphrase,reorder,F_CMP:E_F_CMP,G08-00745,release,Q0030,1,PERMIT,1,PERMIT,1,PERMIT,1,PERMIT,1,PERMIT,1,PERMIT,1,PERMIT
P0259,paraphrase,polite,H_HR:E_H_HR,G08-00601,release,Q0033,1,PERMIT,1,PERMIT,1,PERMIT,1,PERMIT,1,PERMIT,1,PERMIT,1,PERMIT
P0260,paraphrase,reorder,H_HR:E_H_HR,G08-00601,release,Q0033,1,PERMIT,1,PERMIT,1,PERMIT,1,PERMIT,1,PERMIT,1,PERMIT,1,PERMIT
P0261,paraphrase,polite,H_HR:E_H_HR,G08-00721,release,Q0034,1,PERMIT,1,PERMIT,1,PERMIT,1,PERMIT,1,PERMIT,1,PERMIT,1,PERMIT
P0262,paraphrase,reorder,H_HR:E_H_HR,G08-00721,release,Q0034,1,PERMIT,1,PERMIT,1,PERMIT,1,PERMIT,1,PERMIT,1,PERMIT,1,PERMIT
P0263,paraphrase,polite,F_PAY:E_F_PAY,G08-00736,release,Q0037,1,PERMIT,1,PERMIT,1,PERMIT,1,PERMIT,1,PERMIT,1,PERMIT,1,PERMIT
P0264,paraphrase,reorder,F_PAY:E_F_PAY,G08-00736,release,Q0037,1,PERMIT,1,PERMIT,1,PERMIT,1,PERMIT,1,PERMIT,1,PERMIT,1,PERMIT
P0265,paraphrase,polite,F_PAY:E_F_PAY,G08-00712,release,Q0038,1,PERMIT,1,PERMIT,1,PERMIT,1,PERMIT,1,PERMIT,1,PERMIT,1,PERMIT
P0266,paraphrase,reorder,F_PAY:E_F_PAY,G08-00712,release,Q0038,1,PERMIT,1,PERMIT,1,PERMIT,1,PERMIT,1,PERMIT,1,PERMIT,1,PERMIT
P0267,paraphrase,polite,F_SEC:E_F_SEC,G08-00760,release,Q0041,1,PERMIT,1,PERMIT,1,PERMIT,1,PERMIT,1,PERMIT,1,PERMIT,1,PERMIT
P0268,paraphrase,reorder,F_SEC:E_F_SEC,G08-00760,release,Q0041,1,PERMIT,1,PERMIT,1,PERMIT,1,PERMIT,1,PERMIT,1,PERMIT,1,PERMIT
P0269,paraphrase,polite,F_SEC:E_F_SEC,G08-00691,release,Q0042,1,PERMIT,1,PERMIT,1,PERMIT,1,PERMIT,1,PERMIT,1,PERMIT,1,PERMIT
P0270,paraphrase,reorder,F_SEC:E_F_SEC,G08-00691,release,Q0042,1,PERMIT,1,PERMIT,1,PERMIT,1,PERMIT,1,PERMIT,1,PERMIT,1,PERMIT
P0271,paraphrase,polite,F_CMP:E_F_CMP,G08-01036,release,Q0045,1,PERMIT,1,PERMIT,1,PERMIT,1,PERMIT,1,PERMIT,1,PERMIT,1,PERMIT
P0272,paraphrase,reorder,F_CMP:E_F_CMP,G08-01036,release,Q0045,1,PERMIT,1,PERMIT,1,PERMIT,1,PERMIT,1,PERMIT,1,PERMIT,1,PERMIT
P0273,paraphrase,polite,F_CMP:E_F_CMP,G08-01046,release,Q0046,1,PERMIT,1,PERMIT,1,PERMIT,1,PERMIT,1,PERMIT,1,PERMIT,1,PERMIT
P0274,paraphrase,reorder,F_CMP:E_F_CMP,G08-01046,release,Q0046,1,PERMIT,1,PERMIT,1,PERMIT,1,PERMIT,1,PERMIT,1,PERMIT,1,PERMIT
P0275,paraphrase,polite,H_HR:E_H_HR,G08-00972,release,Q0049,1,PERMIT,1,PERMIT,1,PERMIT,1,PERMIT,1,PERMIT,1,PERMIT,1,PERMIT
P0276,paraphrase,reorder,H_HR:E_H_HR,G08-00972,release,Q0049,1,PERMIT,1,PERMIT,1,PERMIT,1,PERMIT,1,PERMIT,1,PERMIT,1,PERMIT
P0277,paraphrase,polite,H_HR:E_H_HR,G08-00940,release,Q0050,1,PERMIT,1,PERMIT,1,PERMIT,1,PERMIT,1,PERMIT,1,PERMIT,1,PERMIT
P0278,paraphrase,reorder,H_HR:E_H_HR,G08-00940,release,Q0050,1,PERMIT,1,PERMIT,1,PERMIT,1,PERMIT,1,PERMIT,1,PERMIT,1,PERMIT
P0279,paraphrase,polite,F_PAY:E_F_PAY,G08-01020,release,Q0051,1,PERMIT,1,PERMIT,1,PERMIT,1,PERMIT,1,PERMIT,1,PERMIT,1,PERMIT
P0280,paraphrase,reorder,F_PAY:E_F_PAY,G08-01020,release,Q0051,1,PERMIT,1,PERMIT,1,PERMIT,1,PERMIT,1,PERMIT,1,PERMIT,1,PERMIT
P0281,paraphrase,polite,F_PAY:E_F_PAY,G08-00940,release,Q0052,1,PERMIT,1,PERMIT,1,PERMIT,1,PERMIT,1,PERMIT,1,PERMIT,1,PERMIT
P0282,paraphrase,reorder,F_PAY:E_F_PAY,G08-00940,release,Q0052,1,PERMIT,1,PERMIT,1,PERMIT,1,PERMIT,1,PERMIT,1,PERMIT,1,PERMIT
P0283,paraphrase,polite,F_SAL:E_F_SAL,G05-00208,release,Q0059,1,PERMIT,1,PERMIT,1,PERMIT,1,PERMIT,1,PERMIT,1,PERMIT,1,PERMIT
P0284,paraphrase,reorder,F_SAL:E_F_SAL,G05-00208,release,Q0059,1,PERMIT,1,PERMIT,1,PERMIT,1,PERMIT,1,PERMIT,1,PERMIT,1,PERMIT
P0285,paraphrase,polite,F_SAL:E_F_SAL,G05-00318,release,Q0060,1,PERMIT,1,PERMIT,1,PERMIT,1,PERMIT,1,PERMIT,1,PERMIT,1,PERMIT
P0286,paraphrase,reorder,F_SAL:E_F_SAL,G05-00318,release,Q0060,1,PERMIT,1,PERMIT,1,PERMIT,1,PERMIT,1,PERMIT,1,PERMIT,1,PERMIT
P0287,paraphrase,polite,F_CMP:E_F_CMP,G05-00148,release,Q0061,1,PERMIT,1,PERMIT,1,PERMIT,1,PERMIT,1,PERMIT,1,PERMIT,1,PERMIT
P0288,paraphrase,reorder,F_CMP:E_F_CMP,G05-00148,release,Q0061,1,PERMIT,1,PERMIT,1,PERMIT,1,PERMIT,1,PERMIT,1,PERMIT,1,PERMIT
P0289,paraphrase,polite,F_CMP:E_F_CMP,G05-00143,release,Q0062,1,PERMIT,1,PERMIT,1,PERMIT,1,PERMIT,1,PERMIT,1,PERMIT,1,PERMIT
P0290,paraphrase,reorder,F_CMP:E_F_CMP,G05-00143,release,Q0062,1,PERMIT,1,PERMIT,1,PERMIT,1,PERMIT,1,PERMIT,1,PERMIT,1,PERMIT
P0291,paraphrase,polite,F_CMP:E_F_CMP,G05-00555,release,Q0073,1,PERMIT,1,PERMIT,1,PERMIT,1,PERMIT,1,PERMIT,1,PERMIT,1,PERMIT
P0292,paraphrase,reorder,F_CMP:E_F_CMP,G05-00555,release,Q0073,1,PERMIT,1,PERMIT,1,PERMIT,1,PERMIT,1,PERMIT,1,PERMIT,1,PERMIT
P0293,paraphrase,polite,F_CMP:E_F_CMP,G05-00537,release,Q0074,1,PERMIT,1,PERMIT,1,PERMIT,1,PERMIT,1,PERMIT,1,PERMIT,1,PERMIT
P0294,paraphrase,reorder,F_CMP:E_F_CMP,G05-00537,release,Q0074,1,PERMIT,1,PERMIT,1,PERMIT,1,PERMIT,1,PERMIT,1,PERMIT,1,PERMIT
P0295,paraphrase,polite,C_CC:E_C_CC,G02-00177,release,Q0085,1,PERMIT,1,PERMIT,1,PERMIT,1,PERMIT,1,PERMIT,1,PERMIT,1,PERMIT
P0296,paraphrase,reorder,C_CC:E_C_CC,G02-00177,release,Q0085,1,PERMIT,1,PERMIT,1,PERMIT,1,PERMIT,1,PERMIT,1,PERMIT,1,PERMIT
P0297,paraphrase,polite,C_CC:E_C_CC,G02-00252,release,Q0086,1,PERMIT,1,PERMIT,1,PERMIT,1,PERMIT,1,PERMIT,1,PERMIT,1,PERMIT
P0298,paraphrase,reorder,C_CC:E_C_CC,G02-00252,release,Q0086,1,PERMIT,1,PERMIT,1,PERMIT,1,PERMIT,1,PERMIT,1,PERMIT,1,PERMIT
P0299,paraphrase,polite,F_CMP:E_F_CMP,G02-00217,release,Q0091,1,PERMIT,1,PERMIT,1,PERMIT,1,PERMIT,1,PERMIT,1,PERMIT,1,PERMIT
P0300,paraphrase,reorder,F_CMP:E_F_CMP,G02-00217,release,Q0091,1,PERMIT,1,PERMIT,1,PERMIT,1,PERMIT,1,PERMIT,1,PERMIT,1,PERMIT
P0301,paraphrase,polite,F_CMP:E_F_CMP,G02-00082,release,Q0092,1,PERMIT,1,PERMIT,1,PERMIT,1,PERMIT,1,PERMIT,1,PERMIT,1,PERMIT
P0302,paraphrase,reorder,F_CMP:E_F_CMP,G02-00082,release,Q0092,1,PERMIT,1,PERMIT,1,PERMIT,1,PERMIT,1,PERMIT,1,PERMIT,1,PERMIT
P0303,paraphrase,polite,F_CMP:E_F_CMP,G02-00523,release,Q0097,1,PERMIT,1,PERMIT,1,PERMIT,1,PERMIT,1,PERMIT,1,PERMIT,1,PERMIT
P0304,paraphrase,reorder,F_CMP:E_F_CMP,G02-00523,release,Q0097,1,PERMIT,1,PERMIT,1,PERMIT,1,PERMIT,1,PERMIT,1,PERMIT,1,PERMIT
P0305,paraphrase,polite,F_CMP:E_F_CMP,G02-00510,release,Q0098,1,PERMIT,1,PERMIT,1,PERMIT,1,PERMIT,1,PERMIT,1,PERMIT,1,PERMIT
P0306,paraphrase,reorder,F_CMP:E_F_CMP,G02-00510,release,Q0098,1,PERMIT,1,PERMIT,1,PERMIT,1,PERMIT,1,PERMIT,1,PERMIT,1,PERMIT
P0307,paraphrase,polite,S_ACC:E_S_ACC,G01-00000,release,Q0105,1,PERMIT,1,PERMIT,1,PERMIT,1,PERMIT,1,PERMIT,1,PERMIT,1,PERMIT
P0308,paraphrase,reorder,S_ACC:E_S_ACC,G01-00000,release,Q0105,1,PERMIT,1,PERMIT,1,PERMIT,1,PERMIT,1,PERMIT,1,PERMIT,1,PERMIT
P0309,paraphrase,polite,B_BR:E_B_BR,G01-00000,release,Q0106,1,PERMIT,1,PERMIT,1,PERMIT,1,PERMIT,1,PERMIT,1,PERMIT,1,PERMIT
P0310,paraphrase,reorder,B_BR:E_B_BR,G01-00000,release,Q0106,1,PERMIT,1,PERMIT,1,PERMIT,1,PERMIT,1,PERMIT,1,PERMIT,1,PERMIT
P0311,paraphrase,polite,H_HR:E_H_HR,G01-00000,release,Q0107,1,PERMIT,1,PERMIT,1,PERMIT,1,PERMIT,1,PERMIT,1,PERMIT,1,PERMIT
P0312,paraphrase,reorder,H_HR:E_H_HR,G01-00000,release,Q0107,1,PERMIT,1,PERMIT,1,PERMIT,1,PERMIT,1,PERMIT,1,PERMIT,1,PERMIT
P0313,paraphrase,polite,F_PAY:E_F_PAY,G01-00000,release,Q0108,1,PERMIT,1,PERMIT,1,PERMIT,1,PERMIT,1,PERMIT,1,PERMIT,1,PERMIT
P0314,paraphrase,reorder,F_PAY:E_F_PAY,G01-00000,release,Q0108,1,PERMIT,1,PERMIT,1,PERMIT,1,PERMIT,1,PERMIT,1,PERMIT,1,PERMIT
P0315,paraphrase,polite,F_CMP:E_F_CMP,G01-00000,release,Q0109,1,PERMIT,1,PERMIT,1,PERMIT,1,PERMIT,1,PERMIT,1,PERMIT,1,PERMIT
P0316,paraphrase,reorder,F_CMP:E_F_CMP,G01-00000,release,Q0109,1,PERMIT,1,PERMIT,1,PERMIT,1,PERMIT,1,PERMIT,1,PERMIT,1,PERMIT
P0317,paraphrase,polite,S_ACC:E_S_ACC,G01-00028,release,Q0110,1,PERMIT,1,PERMIT,1,PERMIT,1,PERMIT,1,PERMIT,1,PERMIT,1,PERMIT
P0318,paraphrase,reorder,S_ACC:E_S_ACC,G01-00028,release,Q0110,1,PERMIT,1,PERMIT,1,PERMIT,1,PERMIT,1,PERMIT,1,PERMIT,1,PERMIT
P0319,paraphrase,polite,S_ACC:E_S_ACC,G01-00053,release,Q0111,1,PERMIT,1,PERMIT,1,PERMIT,1,PERMIT,1,PERMIT,1,PERMIT,1,PERMIT
P0320,paraphrase,reorder,S_ACC:E_S_ACC,G01-00053,release,Q0111,1,PERMIT,1,PERMIT,1,PERMIT,1,PERMIT,1,PERMIT,1,PERMIT,1,PERMIT
P0321,paraphrase,polite,B_RHQ:E_B_RHQ,G01-00029,release,Q0112,1,PERMIT,1,PERMIT,1,PERMIT,1,PERMIT,1,PERMIT,1,PERMIT,1,PERMIT
P0322,paraphrase,reorder,B_RHQ:E_B_RHQ,G01-00029,release,Q0112,1,PERMIT,1,PERMIT,1,PERMIT,1,PERMIT,1,PERMIT,1,PERMIT,1,PERMIT
P0323,paraphrase,polite,B_RHQ:E_B_RHQ,G01-00007,release,Q0113,1,PERMIT,1,PERMIT,1,PERMIT,1,PERMIT,1,PERMIT,1,PERMIT,1,PERMIT
P0324,paraphrase,reorder,B_RHQ:E_B_RHQ,G01-00007,release,Q0113,1,PERMIT,1,PERMIT,1,PERMIT,1,PERMIT,1,PERMIT,1,PERMIT,1,PERMIT
P0325,paraphrase,polite,H_HR:E_H_HR,G01-00004,release,Q0114,1,PERMIT,1,PERMIT,1,PERMIT,1,PERMIT,1,PERMIT,1,PERMIT,1,PERMIT
P0326,paraphrase,reorder,H_HR:E_H_HR,G01-00004,release,Q0114,1,PERMIT,1,PERMIT,1,PERMIT,1,PERMIT,1,PERMIT,1,PERMIT,1,PERMIT
P0327,paraphrase,polite,H_HR:E_H_HR,G01-00013,release,Q0115,1,PERMIT,1,PERMIT,1,PERMIT,1,PERMIT,1,PERMIT,1,PERMIT,1,PERMIT
P0328,paraphrase,reorder,H_HR:E_H_HR,G01-00013,release,Q0115,1,PERMIT,1,PERMIT,1,PERMIT,1,PERMIT,1,PERMIT,1,PERMIT,1,PERMIT
P0329,paraphrase,polite,F_PAY:E_F_PAY,G01-00044,release,Q0116,1,PERMIT,1,PERMIT,1,PERMIT,1,PERMIT,1,PERMIT,1,PERMIT,1,PERMIT
P0330,paraphrase,reorder,F_PAY:E_F_PAY,G01-00044,release,Q0116,1,PERMIT,1,PERMIT,1,PERMIT,1,PERMIT,1,PERMIT,1,PERMIT,1,PERMIT
P0331,paraphrase,polite,F_PAY:E_F_PAY,G01-00026,release,Q0117,1,PERMIT,1,PERMIT,1,PERMIT,1,PERMIT,1,PERMIT,1,PERMIT,1,PERMIT
P0332,paraphrase,reorder,F_PAY:E_F_PAY,G01-00026,release,Q0117,1,PERMIT,1,PERMIT,1,PERMIT,1,PERMIT,1,PERMIT,1,PERMIT,1,PERMIT
P0333,paraphrase,polite,F_CMP:E_F_CMP,G01-00059,release,Q0118,1,PERMIT,1,PERMIT,1,PERMIT,1,PERMIT,1,PERMIT,1,PERMIT,1,PERMIT
P0334,paraphrase,reorder,F_CMP:E_F_CMP,G01-00059,release,Q0118,1,PERMIT,1,PERMIT,1,PERMIT,1,PERMIT,1,PERMIT,1,PERMIT,1,PERMIT
P0335,paraphrase,polite,F_CMP:E_F_CMP,G01-00022,release,Q0119,1,PERMIT,1,PERMIT,1,PERMIT,1,PERMIT,1,PERMIT,1,PERMIT,1,PERMIT
P0336,paraphrase,reorder,F_CMP:E_F_CMP,G01-00022,release,Q0119,1,PERMIT,1,PERMIT,1,PERMIT,1,PERMIT,1,PERMIT,1,PERMIT,1,PERMIT
P0337,paraphrase,polite,F_SEC:E_F_SEC,G11-02412,release,Q0120,1,PERMIT,1,PERMIT,1,PERMIT,1,PERMIT,1,PERMIT,1,PERMIT,1,PERMIT
P0338,paraphrase,reorder,F_SEC:E_F_SEC,G11-02412,release,Q0120,1,PERMIT,1,PERMIT,1,PERMIT,1,PERMIT,1,PERMIT,1,PERMIT,1,PERMIT
P0339,paraphrase,polite,F_SEC:E_F_SEC,G11-02411,release,Q0121,1,PERMIT,1,PERMIT,1,PERMIT,1,PERMIT,1,PERMIT,1,PERMIT,1,PERMIT
P0340,paraphrase,reorder,F_SEC:E_F_SEC,G11-02411,release,Q0121,1,PERMIT,1,PERMIT,1,PERMIT,1,PERMIT,1,PERMIT,1,PERMIT,1,PERMIT
P0341,paraphrase,polite,F_CMP:E_F_CMP,G11-02444,release,Q0122,1,PERMIT,1,PERMIT,1,PERMIT,1,PERMIT,1,PERMIT,1,PERMIT,1,PERMIT
P0342,paraphrase,reorder,F_CMP:E_F_CMP,G11-02444,release,Q0122,1,PERMIT,1,PERMIT,1,PERMIT,1,PERMIT,1,PERMIT,1,PERMIT,1,PERMIT
P0343,paraphrase,polite,F_CMP:E_F_CMP,G11-02411,release,Q0123,1,PERMIT,1,PERMIT,1,PERMIT,1,PERMIT,1,PERMIT,1,PERMIT,1,PERMIT
P0344,paraphrase,reorder,F_CMP:E_F_CMP,G11-02411,release,Q0123,1,PERMIT,1,PERMIT,1,PERMIT,1,PERMIT,1,PERMIT,1,PERMIT,1,PERMIT
P0345,paraphrase,polite,F_SEC:E_F_SEC,G11-02348,release,Q0130,1,PERMIT,1,PERMIT,1,PERMIT,1,PERMIT,1,PERMIT,1,PERMIT,1,PERMIT
P0346,paraphrase,reorder,F_SEC:E_F_SEC,G11-02348,release,Q0130,1,PERMIT,1,PERMIT,1,PERMIT,1,PERMIT,1,PERMIT,1,PERMIT,1,PERMIT
P0347,paraphrase,polite,F_SEC:E_F_SEC,G11-02321,release,Q0131,1,PERMIT,1,PERMIT,1,PERMIT,1,PERMIT,1,PERMIT,1,PERMIT,1,PERMIT
P0348,paraphrase,reorder,F_SEC:E_F_SEC,G11-02321,release,Q0131,1,PERMIT,1,PERMIT,1,PERMIT,1,PERMIT,1,PERMIT,1,PERMIT,1,PERMIT
P0349,paraphrase,polite,F_CMP:E_F_CMP,G11-02337,release,Q0132,1,PERMIT,1,PERMIT,1,PERMIT,1,PERMIT,1,PERMIT,1,PERMIT,1,PERMIT
P0350,paraphrase,reorder,F_CMP:E_F_CMP,G11-02337,release,Q0132,1,PERMIT,1,PERMIT,1,PERMIT,1,PERMIT,1,PERMIT,1,PERMIT,1,PERMIT
P0351,paraphrase,polite,F_CMP:E_F_CMP,G11-02327,release,Q0133,1,PERMIT,1,PERMIT,1,PERMIT,1,PERMIT,1,PERMIT,1,PERMIT,1,PERMIT
P0352,paraphrase,reorder,F_CMP:E_F_CMP,G11-02327,release,Q0133,1,PERMIT,1,PERMIT,1,PERMIT,1,PERMIT,1,PERMIT,1,PERMIT,1,PERMIT
P0353,paraphrase,polite,F_SAL:E_F_SAL,G06-00081,release,Q0143,1,PERMIT,1,PERMIT,1,PERMIT,1,PERMIT,1,PERMIT,1,PERMIT,1,PERMIT
P0354,paraphrase,reorder,F_SAL:E_F_SAL,G06-00081,release,Q0143,1,PERMIT,1,PERMIT,1,PERMIT,1,PERMIT,1,PERMIT,1,PERMIT,1,PERMIT
P0355,paraphrase,polite,S_DIV:E_S_DIV,G06-00081,release,Q0145,1,PERMIT,1,PERMIT,1,PERMIT,1,PERMIT,1,PERMIT,1,PERMIT,1,PERMIT
P0356,paraphrase,reorder,S_DIV:E_S_DIV,G06-00081,release,Q0145,1,PERMIT,1,PERMIT,1,PERMIT,1,PERMIT,1,PERMIT,1,PERMIT,1,PERMIT
P0357,paraphrase,polite,F_CMP:E_F_CMP,SAR-00001,release,Q0150,1,PERMIT,1,PERMIT,1,PERMIT,1,PERMIT,1,PERMIT,1,PERMIT,1,PERMIT
P0358,paraphrase,reorder,F_CMP:E_F_CMP,SAR-00001,release,Q0150,1,PERMIT,1,PERMIT,1,PERMIT,1,PERMIT,1,PERMIT,1,PERMIT,1,PERMIT
P0359,paraphrase,polite,F_CMP:E_F_CMP,G06-00081,release,Q0151,1,PERMIT,1,PERMIT,1,PERMIT,1,PERMIT,1,PERMIT,1,PERMIT,1,PERMIT
P0360,paraphrase,reorder,F_CMP:E_F_CMP,G06-00081,release,Q0151,1,PERMIT,1,PERMIT,1,PERMIT,1,PERMIT,1,PERMIT,1,PERMIT,1,PERMIT
P0361,paraphrase,polite,F_SAL:E_F_SAL,G06-00221,release,Q0152,1,PERMIT,1,PERMIT,1,PERMIT,1,PERMIT,1,PERMIT,1,PERMIT,1,PERMIT
P0362,paraphrase,reorder,F_SAL:E_F_SAL,G06-00221,release,Q0152,1,PERMIT,1,PERMIT,1,PERMIT,1,PERMIT,1,PERMIT,1,PERMIT,1,PERMIT
P0363,paraphrase,polite,F_SAL:E_F_SAL,G06-00116,release,Q0153,1,PERMIT,1,PERMIT,1,PERMIT,1,PERMIT,1,PERMIT,1,PERMIT,1,PERMIT
P0364,paraphrase,reorder,F_SAL:E_F_SAL,G06-00116,release,Q0153,1,PERMIT,1,PERMIT,1,PERMIT,1,PERMIT,1,PERMIT,1,PERMIT,1,PERMIT
P0365,paraphrase,polite,S_ACC:E_S_ACC,G06-00281,release,Q0154,1,PERMIT,1,PERMIT,1,PERMIT,1,PERMIT,1,PERMIT,1,PERMIT,1,PERMIT
P0366,paraphrase,reorder,S_ACC:E_S_ACC,G06-00281,release,Q0154,1,PERMIT,1,PERMIT,1,PERMIT,1,PERMIT,1,PERMIT,1,PERMIT,1,PERMIT
P0367,paraphrase,polite,S_ACC:E_S_ACC,G06-00121,release,Q0155,1,PERMIT,1,PERMIT,1,PERMIT,1,PERMIT,1,PERMIT,1,PERMIT,1,PERMIT
P0368,paraphrase,reorder,S_ACC:E_S_ACC,G06-00121,release,Q0155,1,PERMIT,1,PERMIT,1,PERMIT,1,PERMIT,1,PERMIT,1,PERMIT,1,PERMIT
P0369,paraphrase,polite,F_CMP:E_F_CMP,G06-00141,release,Q0162,1,PERMIT,1,PERMIT,1,PERMIT,1,PERMIT,1,PERMIT,1,PERMIT,1,PERMIT
P0370,paraphrase,reorder,F_CMP:E_F_CMP,G06-00141,release,Q0162,1,PERMIT,1,PERMIT,1,PERMIT,1,PERMIT,1,PERMIT,1,PERMIT,1,PERMIT
P0371,paraphrase,polite,F_CMP:E_F_CMP,G06-00156,release,Q0163,1,PERMIT,1,PERMIT,1,PERMIT,1,PERMIT,1,PERMIT,1,PERMIT,1,PERMIT
P0372,paraphrase,reorder,F_CMP:E_F_CMP,G06-00156,release,Q0163,1,PERMIT,1,PERMIT,1,PERMIT,1,PERMIT,1,PERMIT,1,PERMIT,1,PERMIT
P0373,paraphrase,polite,C_CC:E_C_CC,G03-00285,release,Q0166,1,PERMIT,1,PERMIT,1,PERMIT,1,PERMIT,1,PERMIT,1,PERMIT,1,PERMIT
P0374,paraphrase,reorder,C_CC:E_C_CC,G03-00285,release,Q0166,1,PERMIT,1,PERMIT,1,PERMIT,1,PERMIT,1,PERMIT,1,PERMIT,1,PERMIT
P0375,paraphrase,polite,C_CC:E_C_CC,G03-00330,release,Q0167,1,PERMIT,1,PERMIT,1,PERMIT,1,PERMIT,1,PERMIT,1,PERMIT,1,PERMIT
P0376,paraphrase,reorder,C_CC:E_C_CC,G03-00330,release,Q0167,1,PERMIT,1,PERMIT,1,PERMIT,1,PERMIT,1,PERMIT,1,PERMIT,1,PERMIT
P0377,paraphrase,polite,F_CMP:E_F_CMP,G03-00260,release,Q0172,1,PERMIT,1,PERMIT,1,PERMIT,1,PERMIT,1,PERMIT,1,PERMIT,1,PERMIT
P0378,paraphrase,reorder,F_CMP:E_F_CMP,G03-00260,release,Q0172,1,PERMIT,1,PERMIT,1,PERMIT,1,PERMIT,1,PERMIT,1,PERMIT,1,PERMIT
P0379,paraphrase,polite,F_CMP:E_F_CMP,G03-00155,release,Q0173,1,PERMIT,1,PERMIT,1,PERMIT,1,PERMIT,1,PERMIT,1,PERMIT,1,PERMIT
P0380,paraphrase,reorder,F_CMP:E_F_CMP,G03-00155,release,Q0173,1,PERMIT,1,PERMIT,1,PERMIT,1,PERMIT,1,PERMIT,1,PERMIT,1,PERMIT
P0381,paraphrase,polite,F_CMP:E_F_CMP,G04-00204,release,Q0182,1,PERMIT,1,PERMIT,1,PERMIT,1,PERMIT,1,PERMIT,1,PERMIT,1,PERMIT
P0382,paraphrase,reorder,F_CMP:E_F_CMP,G04-00204,release,Q0182,1,PERMIT,1,PERMIT,1,PERMIT,1,PERMIT,1,PERMIT,1,PERMIT,1,PERMIT
P0383,paraphrase,polite,F_CMP:E_F_CMP,G04-00229,release,Q0183,1,PERMIT,1,PERMIT,1,PERMIT,1,PERMIT,1,PERMIT,1,PERMIT,1,PERMIT
P0384,paraphrase,reorder,F_CMP:E_F_CMP,G04-00229,release,Q0183,1,PERMIT,1,PERMIT,1,PERMIT,1,PERMIT,1,PERMIT,1,PERMIT,1,PERMIT
P0385,paraphrase,polite,H_HR:E_H_HR,G10-02237,release,Q0184,1,PERMIT,1,PERMIT,1,PERMIT,1,PERMIT,1,PERMIT,1,PERMIT,1,PERMIT
P0386,paraphrase,reorder,H_HR:E_H_HR,G10-02237,release,Q0184,1,PERMIT,1,PERMIT,1,PERMIT,1,PERMIT,1,PERMIT,1,PERMIT,1,PERMIT
P0387,paraphrase,polite,H_HR:E_H_HR,G10-02233,release,Q0185,1,PERMIT,1,PERMIT,1,PERMIT,1,PERMIT,1,PERMIT,1,PERMIT,1,PERMIT
P0388,paraphrase,reorder,H_HR:E_H_HR,G10-02233,release,Q0185,1,PERMIT,1,PERMIT,1,PERMIT,1,PERMIT,1,PERMIT,1,PERMIT,1,PERMIT
P0389,paraphrase,polite,F_PAY:E_F_PAY,G10-02268,release,Q0186,1,PERMIT,1,PERMIT,1,PERMIT,1,PERMIT,1,PERMIT,1,PERMIT,1,PERMIT
P0390,paraphrase,reorder,F_PAY:E_F_PAY,G10-02268,release,Q0186,1,PERMIT,1,PERMIT,1,PERMIT,1,PERMIT,1,PERMIT,1,PERMIT,1,PERMIT
P0391,paraphrase,polite,F_PAY:E_F_PAY,G10-02235,release,Q0187,1,PERMIT,1,PERMIT,1,PERMIT,1,PERMIT,1,PERMIT,1,PERMIT,1,PERMIT
P0392,paraphrase,reorder,F_PAY:E_F_PAY,G10-02235,release,Q0187,1,PERMIT,1,PERMIT,1,PERMIT,1,PERMIT,1,PERMIT,1,PERMIT,1,PERMIT
P0393,paraphrase,polite,F_CMP:E_F_CMP,G10-02225,release,Q0188,1,PERMIT,1,PERMIT,1,PERMIT,1,PERMIT,1,PERMIT,1,PERMIT,1,PERMIT
P0394,paraphrase,reorder,F_CMP:E_F_CMP,G10-02225,release,Q0188,1,PERMIT,1,PERMIT,1,PERMIT,1,PERMIT,1,PERMIT,1,PERMIT,1,PERMIT
P0395,paraphrase,polite,F_CMP:E_F_CMP,G10-02203,release,Q0189,1,PERMIT,1,PERMIT,1,PERMIT,1,PERMIT,1,PERMIT,1,PERMIT,1,PERMIT
P0396,paraphrase,reorder,F_CMP:E_F_CMP,G10-02203,release,Q0189,1,PERMIT,1,PERMIT,1,PERMIT,1,PERMIT,1,PERMIT,1,PERMIT,1,PERMIT
P0397,paraphrase,polite,H_HR:E_H_HR,G10-02144,release,Q0194,1,PERMIT,1,PERMIT,1,PERMIT,1,PERMIT,1,PERMIT,1,PERMIT,1,PERMIT
P0398,paraphrase,reorder,H_HR:E_H_HR,G10-02144,release,Q0194,1,PERMIT,1,PERMIT,1,PERMIT,1,PERMIT,1,PERMIT,1,PERMIT,1,PERMIT
P0399,paraphrase,polite,H_HR:E_H_HR,G10-02134,release,Q0195,1,PERMIT,1,PERMIT,1,PERMIT,1,PERMIT,1,PERMIT,1,PERMIT,1,PERMIT
P0400,paraphrase,reorder,H_HR:E_H_HR,G10-02134,release,Q0195,1,PERMIT,1,PERMIT,1,PERMIT,1,PERMIT,1,PERMIT,1,PERMIT,1,PERMIT
P0401,paraphrase,polite,F_PAY:E_F_PAY,G10-02159,release,Q0196,1,PERMIT,1,PERMIT,1,PERMIT,1,PERMIT,1,PERMIT,1,PERMIT,1,PERMIT
P0402,paraphrase,reorder,F_PAY:E_F_PAY,G10-02159,release,Q0196,1,PERMIT,1,PERMIT,1,PERMIT,1,PERMIT,1,PERMIT,1,PERMIT,1,PERMIT
P0403,paraphrase,polite,F_PAY:E_F_PAY,G10-02158,release,Q0197,1,PERMIT,1,PERMIT,1,PERMIT,1,PERMIT,1,PERMIT,1,PERMIT,1,PERMIT
P0404,paraphrase,reorder,F_PAY:E_F_PAY,G10-02158,release,Q0197,1,PERMIT,1,PERMIT,1,PERMIT,1,PERMIT,1,PERMIT,1,PERMIT,1,PERMIT
P0405,paraphrase,polite,F_CMP:E_F_CMP,G10-02149,release,Q0198,1,PERMIT,1,PERMIT,1,PERMIT,1,PERMIT,1,PERMIT,1,PERMIT,1,PERMIT
P0406,paraphrase,reorder,F_CMP:E_F_CMP,G10-02149,release,Q0198,1,PERMIT,1,PERMIT,1,PERMIT,1,PERMIT,1,PERMIT,1,PERMIT,1,PERMIT
P0407,paraphrase,polite,F_CMP:E_F_CMP,G10-02143,release,Q0199,1,PERMIT,1,PERMIT,1,PERMIT,1,PERMIT,1,PERMIT,1,PERMIT,1,PERMIT
P0408,paraphrase,reorder,F_CMP:E_F_CMP,G10-02143,release,Q0199,1,PERMIT,1,PERMIT,1,PERMIT,1,PERMIT,1,PERMIT,1,PERMIT,1,PERMIT
P0409,paraphrase,polite,S_ACC:E_S_ACC,G07-00587,release,Q0206,1,PERMIT,1,PERMIT,1,PERMIT,1,PERMIT,1,PERMIT,1,PERMIT,1,PERMIT
P0410,paraphrase,reorder,S_ACC:E_S_ACC,G07-00587,release,Q0206,1,PERMIT,1,PERMIT,1,PERMIT,1,PERMIT,1,PERMIT,1,PERMIT,1,PERMIT
H0411,cell-holdout,subtree경계,B_RHQ:E_B_RHQ,G05-00470,withhold,,1,PERMIT,1,PERMIT,1,PERMIT,0,DENY,0,DENY(R3),0,DENY,0,DENY
H0412,cell-holdout,n<k소집단,STAFF:E0113,G09-00659,withhold,,1,PERMIT,1,PERMIT,1,PERMIT,1,PERMIT,0,DENY(R3),0,DENY,0,DENY
H0413,cell-holdout,functional예외,H_HR:E_H_HR,G09-00935,release,,1,PERMIT,1,PERMIT,1,PERMIT,1,PERMIT,1,PERMIT,1,PERMIT,1,PERMIT
H0414,cell-holdout,SUBJECT_DENIED,H_HR:E_H_HR,G11-02300,withhold,,1,PERMIT,0,DENY,0,DENY,0,DENY,0,DENY(R3),0,DENY,0,DENY
H0415,cell-holdout,SAR기밀장벽,S_ACC:E_S_ACC,SAR-00001,withhold,,1,PERMIT,1,PERMIT,1,PERMIT,1,PERMIT,0,DENY(R3),0,DENY,0,DENY
H0416,cell-holdout,소유권본인,STAFF:E0114,G09-01135,release,,1,PERMIT,1,PERMIT,1,PERMIT,1,PERMIT,1,PERMIT,1,PERMIT,1,PERMIT
H0417,cell-holdout,소유권동료,STAFF:E0113,G09-01135,withhold,,1,PERMIT,1,PERMIT,1,PERMIT,1,PERMIT,0,DENY(R3),0,DENY,0,DENY
V0418,probe,at-ceiling,B_BR:E_B_BR,G02-00491,withhold,,1,PERMIT,1,PERMIT,1,PERMIT,1,PERMIT,0,DENY(R3),0,DENY,0,DENY
V0419,probe,at-ceiling,B_BR:E_B_BR,G08-00958,withhold,,1,PERMIT,1,PERMIT,1,PERMIT,1,PERMIT,0,DENY(R3),0,DENY,0,DENY
V0420,probe,at-ceiling,B_BR:E_B_BR,G05-00490,withhold,,1,PERMIT,1,PERMIT,1,PERMIT,1,PERMIT,0,DENY(R3),0,DENY,0,DENY
V0421,probe,at-ceiling,B_BR:E_B_BR,G09-00967,withhold,,1,PERMIT,1,PERMIT,1,PERMIT,1,PERMIT,0,DENY(R3),0,DENY,0,DENY
V0422,probe,at-ceiling,B_BR:E_B_BR,G10-02127,withhold,,1,PERMIT,1,PERMIT,1,PERMIT,1,PERMIT,0,DENY(R3),0,DENY,0,DENY
V0423,probe,at-ceiling,B_BR:E_B_BR,G06-00161,withhold,,1,PERMIT,1,PERMIT,1,PERMIT,1,PERMIT,0,DENY(R3),0,DENY,0,DENY
V0424,probe,at-ceiling,B_BR:E_B_BR,G01-00019,release,,1,PERMIT,1,PERMIT,1,PERMIT,1,PERMIT,1,PERMIT,1,PERMIT,1,PERMIT
V0425,probe,at-ceiling,B_RHQ:E_B_RHQ,G04-00114,withhold,,1,PERMIT,1,PERMIT,1,PERMIT,1,PERMIT,0,DENY(R3),0,DENY,0,DENY
V0426,probe,at-ceiling,B_RHQ:E_B_RHQ,G02-00132,withhold,,1,PERMIT,1,PERMIT,1,PERMIT,1,PERMIT,0,DENY(R3),0,DENY,0,DENY
V0427,probe,over-ceiling,B_RHQ:E_B_RHQ,G02-00503,withhold,,1,PERMIT,1,PERMIT,1,PERMIT,0,DENY,0,DENY(R3),0,DENY,0,DENY
V0428,probe,at-ceiling,B_RHQ:E_B_RHQ,G05-00143,withhold,,1,PERMIT,1,PERMIT,1,PERMIT,1,PERMIT,0,DENY(R3),0,DENY,0,DENY
V0429,probe,over-ceiling,B_RHQ:E_B_RHQ,G05-00472,withhold,,1,PERMIT,1,PERMIT,1,PERMIT,0,DENY,0,DENY(R3),0,DENY,0,DENY
V0430,probe,at-ceiling,B_RHQ:E_B_RHQ,G03-00165,withhold,,1,PERMIT,1,PERMIT,1,PERMIT,1,PERMIT,0,DENY(R3),0,DENY,0,DENY
V0431,probe,at-ceiling,F_CMP:E_F_CMP,G11-02317,release,,1,PERMIT,1,PERMIT,1,PERMIT,1,PERMIT,1,PERMIT,1,PERMIT,1,PERMIT
V0433,probe,at-ceiling,F_SEC:E_F_SEC,G08-00622,withhold,,1,PERMIT,1,PERMIT,1,PERMIT,1,PERMIT,1,PERMIT,0,DENY,0,DENY
V0434,probe,over-ceiling,F_SEC:E_F_SEC,G08-00958,withhold,,1,PERMIT,1,PERMIT,1,PERMIT,0,DENY,0,DENY(R3),0,DENY,0,DENY
V0436,probe,over-ceiling,S_DEP:E_S_DEP,G04-00159,withhold,,1,PERMIT,1,PERMIT,1,PERMIT,0,DENY,0,DENY(R3),0,DENY,0,DENY
V0437,probe,at-ceiling,S_DIV:E_S_DIV,G06-00081,release,,1,PERMIT,1,PERMIT,1,PERMIT,1,PERMIT,1,PERMIT,1,PERMIT,1,PERMIT
V0438,probe,over-ceiling,S_DIV:E_S_DIV,G06-00141,withhold,,1,PERMIT,1,PERMIT,1,PERMIT,0,DENY,0,DENY(R3),0,DENY,0,DENY
