phase,query_id,status,ms
cold,Q0001,OK,2405.6
cold,Q0019,OK,1207.4
cold,Q0037,OK,1345.5
cold,Q0055,OK,807.3
cold,Q0073,OK,972.3
cold,Q0091,OK,875.3
cold,Q0109,OK,954.8
cold,Q0127,OK,981.3
cold,Q0145,OK,831.8
cold,Q0163,OK,1201.5
cold,Q0181,OK,1260.6
cold,Q0199,OK,993.2
cold,Q0217,OK,944.9
cold,P0235,OK,885.8
cold,P0253,OK,970.1
cold,P0271,OK,2298.9
cold,P0289,OK,1096.7
cold,P0307,OK,1067.9
cold,P0325,OK,839.0
cold,P0343,OK,922.4
cold,P0361,OK,884.7
cold,P0379,OK,1012.8
cold,P0397,OK,836.6
cold,H0415,OK,834.9
cold,V0434,OK,1425.3
cold,A0453,OK,953.8
cold,A0471,OK,900.1
cold,A0489,OK,1015.1
cold,A0507,OK,1145.3
cold,A0525,OK,865.7
warm,Q0001,OK,11.183
warm,Q0002,OK,0.205
warm,Q0003,OK,0.162
warm,Q0004,OK,0.147
warm,Q0005,OK,0.139
warm,Q0006,OK,0.137
warm,Q0007,OK,0.138
warm,Q0008,OK,0.131
warm,Q0009,OK,0.131
warm,Q0010,OK,0.398
warm,Q0011,OK,0.239
warm,Q0012,OK,0.161
warm,Q0013,OK,0.147
warm,Q0014,OK,0.136
warm,Q0015,OK,0.143
warm,Q0016,OK,0.194
warm,Q0017,OK,0.142
warm,Q0018,OK,0.14
warm,Q0019,OK,7.883
warm,Q0020,OK,0.189
warm,Q0021,OK,0.156
warm,Q0022,OK,0.137
warm,Q0023,OK,0.158
warm,Q0024,OK,0.13
warm,Q0025,OK,0.137
warm,Q0026,OK,0.151
warm,Q0027,OK,0.15
warm,Q0028,OK,0.131
warm,Q0029,OK,0.15
warm,Q0030,OK,0.176
warm,Q0031,OK,0.17
warm,Q0032,OK,0.168
warm,Q0033,OK,0.195
warm,Q0034,OK,0.209
warm,Q0035,OK,0.153
warm,Q0036,OK,0.147
warm,Q0037,OK,7.624
warm,Q0038,OK,0.214
warm,Q0039,OK,0.175
warm,Q0040,OK,0.149
warm,Q0041,OK,0.138
warm,Q0042,OK,0.139
warm,Q0043,OK,0.186
warm,Q0044,OK,0.155
warm,Q0045,OK,0.179
warm,Q0046,OK,0.132
warm,Q0047,OK,0.132
warm,Q0048,OK,0.126
warm,Q0049,OK,0.124
warm,Q0050,OK,0.123
warm,Q0051,OK,0.128
warm,Q0052,OK,0.155
warm,Q0053,OK,0.123
warm,Q0054,OK,0.123
warm,Q0055,OK,10.471
warm,Q0056,OK,0.213
warm,Q0057,OK,0.172
warm,Q0058,OK,0.151
warm,Q0059,OK,0.151
warm,Q0060,OK,0.137
warm,Q0061,OK,0.141
warm,Q0062,OK,0.137
warm,Q0063,OK,0.132
warm,Q0064,OK,0.15
warm,Q0065,OK,0.131
warm,Q0066,OK,0.129
warm,Q0067,OK,0.127
warm,Q0068,OK,0.147
warm,Q0069,OK,0.127
warm,Q0070,OK,0.131
warm,Q0071,OK,0.13
warm,Q0072,OK,0.14
warm,Q0073,OK,7.357
warm,Q0074,OK,0.201
warm,Q0075,OK,0.158
warm,Q0076,OK,0.148
warm,Q0077,OK,0.174
warm,Q0078,OK,0.141
warm,Q0079,OK,0.133
warm,Q0080,OK,0.133
warm,Q0081,OK,0.14
warm,Q0082,OK,0.131
warm,Q0083,OK,0.126
warm,Q0084,OK,0.127
warm,Q0085,OK,0.132
warm,Q0086,OK,0.126
warm,Q0087,OK,0.125
warm,Q0088,OK,0.123
warm,Q0089,OK,0.122
warm,Q0090,OK,0.137
warm,Q0091,OK,7.019
warm,Q0092,OK,0.198
warm,Q0093,OK,0.166
warm,Q0094,OK,0.15
warm,Q0095,OK,0.143
warm,Q0096,OK,0.138
warm,Q0097,OK,0.133
warm,Q0098,OK,0.139
warm,Q0099,OK,0.132
warm,Q0100,OK,0.128
warm,Q0101,OK,0.127
warm,Q0102,OK,0.357
warm,Q0103,OK,0.206
warm,Q0104,OK,0.157
warm,Q0105,OK,6.931
warm,Q0106,OK,0.196
warm,Q0107,OK,0.157
warm,Q0108,OK,0.133
warm,Q0109,OK,0.127
warm,Q0110,OK,0.148
warm,Q0111,OK,0.137
warm,Q0112,OK,0.144
warm,Q0113,OK,0.137
warm,Q0114,OK,0.13
warm,Q0115,OK,0.154
warm,Q0116,OK,0.128
warm,Q0117,OK,0.134
warm,Q0118,OK,0.126
warm,Q0119,OK,0.134
warm,Q0120,OK,0.13
warm,Q0121,OK,0.133
warm,Q0122,OK,0.154
warm,Q0123,OK,0.127
warm,Q0124,OK,0.134
warm,Q0125,OK,0.133
warm,Q0126,OK,0.155
warm,Q0127,OK,7.32
warm,Q0128,OK,0.209
warm,Q0129,OK,0.159
warm,Q0130,OK,0.326
warm,Q0131,OK,0.141
warm,Q0132,OK,0.146
warm,Q0133,OK,0.133
warm,Q0134,OK,0.132
warm,Q0135,OK,0.137
warm,Q0136,OK,0.143
warm,Q0137,OK,0.131
warm,Q0138,OK,0.156
warm,Q0139,OK,0.143
warm,Q0140,OK,0.117
warm,Q0141,OK,0.127
warm,Q0142,OK,7.907
warm,Q0143,OK,0.227
warm,Q0144,OK,0.167
warm,Q0145,OK,0.162
warm,Q0146,OK,0.139
warm,Q0147,OK,0.169
warm,Q0148,OK,0.125
warm,Q0149,OK,0.127
warm,Q0150,OK,0.137
warm,Q0151,OK,0.114
warm,Q0152,OK,0.168
warm,Q0153,OK,0.158
warm,Q0154,OK,0.15
warm,Q0155,OK,0.134
warm,Q0156,OK,0.132
warm,Q0157,OK,0.132
warm,Q0158,OK,0.131
warm,Q0159,OK,0.125
warm,Q0160,OK,0.137
warm,Q0161,OK,0.215
warm,Q0162,OK,0.123
warm,Q0163,OK,7.259
warm,Q0164,OK,0.209
warm,Q0165,OK,0.176
warm,Q0166,OK,0.153
warm,Q0167,OK,0.146
warm,Q0168,OK,0.151
warm,Q0169,OK,0.487
warm,Q0170,OK,0.237
warm,Q0171,OK,0.164
warm,Q0172,OK,0.198
warm,Q0173,OK,0.186
warm,Q0174,OK,0.194
warm,Q0175,OK,0.208
warm,Q0176,OK,0.228
warm,Q0177,OK,0.183
warm,Q0178,OK,0.172
warm,Q0179,OK,0.172
warm,Q0180,OK,0.184
warm,Q0181,OK,7.209
warm,Q0182,OK,0.188
warm,Q0183,OK,0.161
warm,Q0184,OK,0.145
warm,Q0185,OK,0.134
warm,Q0186,OK,0.138
warm,Q0187,OK,0.135
warm,Q0188,OK,0.143
warm,Q0189,OK,0.15
warm,Q0190,OK,0.13
warm,Q0191,OK,0.15
warm,Q0192,OK,0.127
warm,Q0193,OK,0.139
warm,Q0194,OK,0.123
warm,Q0195,OK,0.123
warm,Q0196,OK,0.122
warm,Q0197,OK,0.132
warm,Q0198,OK,0.122
warm,Q0199,OK,7.654
warm,Q0200,OK,0.218
warm,Q0201,OK,0.155
warm,Q0202,OK,0.156
warm,Q0203,OK,0.139
warm,Q0204,OK,0.134
warm,Q0205,OK,0.144
warm,Q0206,OK,0.136
warm,Q0207,OK,0.125
warm,Q0208,OK,0.121
warm,Q0209,OK,0.123
warm,Q0210,OK,0.116
warm,Q0211,OK,0.132
warm,Q0212,OK,0.133
warm,Q0213,OK,0.129
warm,Q0214,OK,0.128
warm,Q0215,OK,0.126
warm,Q0216,OK,0.131
warm,Q0217,OK,7.416
warm,Q0218,OK,0.194
warm,Q0219,OK,0.164
warm,Q0220,OK,0.14
warm,Q0221,OK,0.127
warm,Q0222,OK,0.118
warm,Q0223,OK,0.125
warm,Q0224,OK,0.139
warm,Q0225,OK,0.133
warm,Q0226,OK,0.14
warm,Q0227,OK,0.127
warm,Q0228,OK,0.12
warm,Q0229,OK,0.124
warm,Q0230,OK,0.133
warm,P0231,OK,0.13
warm,P0232,OK,0.137
warm,P0233,OK,0.18
warm,P0234,OK,0.166
warm,P0235,OK,7.418
warm,P0236,OK,0.201
warm,P0237,OK,0.15
warm,P0238,OK,0.141
warm,P0239,OK,0.146
warm,P0240,OK,0.13
warm,P0241,OK,0.333
warm,P0242,OK,0.224
warm,P0243,OK,0.166
warm,P0244,OK,0.155
warm,P0245,OK,0.157
warm,P0246,OK,0.134
warm,P0247,OK,0.121
warm,P0248,OK,0.127
warm,P0249,OK,0.298
warm,P0250,OK,0.147
warm,P0251,OK,0.132
warm,P0252,OK,0.149
warm,P0253,OK,7.58
warm,P0254,OK,0.245
warm,P0255,OK,0.164
warm,P0256,OK,0.154
warm,P0257,OK,0.147
warm,P0258,OK,0.131
warm,P0259,OK,0.13
warm,P0260,OK,0.121
warm,P0261,OK,0.135
warm,P0262,OK,0.126
warm,P0263,OK,0.133
warm,P0264,OK,0.124
warm,P0265,OK,0.133
warm,P0266,OK,0.138
warm,P0267,OK,0.125
warm,P0268,OK,0.124
warm,P0269,OK,0.122
warm,P0270,OK,0.122
warm,P0271,OK,7.157
warm,P0272,OK,0.201
warm,P0273,OK,0.166
warm,P0274,OK,0.137
warm,P0275,OK,0.127
warm,P0276,OK,0.127
warm,P0277,OK,0.127
warm,P0278,OK,0.135
warm,P0279,OK,0.162
warm,P0280,OK,0.129
warm,P0281,OK,0.121
warm,P0282,OK,0.294
warm,P0283,OK,0.135
warm,P0284,OK,0.134
warm,P0285,OK,0.188
warm,P0286,OK,0.144
warm,P0287,OK,0.139
warm,P0288,OK,0.131
warm,P0289,OK,7.121
warm,P0290,OK,0.196
warm,P0291,OK,0.152
warm,P0292,OK,0.19
warm,P0293,OK,0.184
warm,P0294,OK,0.138
warm,P0295,OK,0.13
warm,P0296,OK,0.133
warm,P0297,OK,0.13
warm,P0298,OK,0.127
warm,P0299,OK,0.125
warm,P0300,OK,0.14
warm,P0301,OK,0.155
warm,P0302,OK,0.151
warm,P0303,OK,0.129
warm,P0304,OK,0.121
warm,P0305,OK,0.124
warm,P0306,OK,0.143
warm,P0307,OK,6.854
warm,P0308,OK,0.192
warm,P0309,OK,0.148
warm,P0310,OK,0.136
warm,P0311,OK,0.177
warm,P0312,OK,0.131
warm,P0313,OK,0.122
warm,P0314,OK,0.12
warm,P0315,OK,0.113
warm,P0316,OK,0.12
warm,P0317,OK,0.213
warm,P0318,OK,0.144
warm,P0319,OK,0.125
warm,P0320,OK,0.125
warm,P0321,OK,0.333
warm,P0322,OK,0.231
warm,P0323,OK,0.185
warm,P0324,OK,0.194
warm,P0325,OK,6.984
warm,P0326,OK,0.221
warm,P0327,OK,0.16
warm,P0328,OK,0.144
warm,P0329,OK,0.163
warm,P0330,OK,0.14
warm,P0331,OK,0.147
warm,P0332,OK,0.136
warm,P0333,OK,0.159
warm,P0334,OK,0.14
warm,P0335,OK,0.137
warm,P0336,OK,0.135
warm,P0337,OK,0.135
warm,P0338,OK,0.135
warm,P0339,OK,0.135
warm,P0340,OK,0.132
warm,P0341,OK,0.144
warm,P0342,OK,0.135
warm,P0343,OK,8.262
warm,P0344,OK,0.332
warm,P0345,OK,0.256
warm,P0346,OK,0.189
warm,P0347,OK,0.177
warm,P0348,OK,0.164
warm,P0349,OK,0.203
warm,P0350,OK,0.14
warm,P0351,OK,0.154
warm,P0352,OK,0.2
warm,P0353,OK,0.205
warm,P0354,OK,0.266
warm,P0355,OK,0.313
warm,P0356,OK,0.25
warm,P0357,OK,0.279
warm,P0358,OK,0.396
warm,P0359,OK,0.235
warm,P0360,OK,0.208
warm,P0361,OK,18.481
warm,P0362,OK,0.381
warm,P0363,OK,0.433
warm,P0364,OK,0.651
warm,P0365,OK,0.324
warm,P0366,OK,0.271
warm,P0367,OK,0.253
warm,P0368,OK,0.337
warm,P0369,OK,0.327
warm,P0370,OK,0.291
warm,P0371,OK,0.321
warm,P0372,OK,0.277
warm,P0373,OK,0.294
warm,P0374,OK,0.28
warm,P0375,OK,0.284
warm,P0376,OK,0.2
warm,P0377,OK,0.183
warm,P0378,OK,0.256
warm,P0379,OK,9.837
warm,P0380,OK,0.627
warm,P0381,OK,0.676
warm,P0382,OK,0.337
warm,P0383,OK,0.35
warm,P0384,OK,0.424
warm,P0385,OK,0.304
warm,P0386,OK,0.236
warm,P0387,OK,0.258
warm,P0388,OK,0.287
warm,P0389,OK,0.247
warm,P0390,OK,0.205
warm,P0391,OK,0.187
warm,P0392,OK,0.207
warm,P0393,OK,0.177
warm,P0394,OK,0.165
warm,P0395,OK,0.169
warm,P0396,OK,0.199
warm,P0397,OK,9.798
warm,P0398,OK,0.359
warm,P0399,OK,0.321
warm,P0400,OK,0.264
warm,P0401,OK,0.251
warm,P0402,OK,0.217
warm,P0403,OK,0.223
warm,P0404,OK,0.3
warm,P0405,OK,0.232
warm,P0406,OK,0.311
warm,P0407,OK,0.289
warm,P0408,OK,0.265
warm,P0409,OK,0.218
warm,P0410,OK,0.301
warm,H0411,OK,0.276
warm,H0412,OK,0.247
warm,H0413,OK,0.247
warm,H0414,OK,0.239
warm,H0415,OK,0.255
warm,H0416,OK,0.23
warm,H0417,OK,0.227
warm,V0418,OK,0.225
warm,V0419,OK,0.235
warm,V0420,OK,0.257
warm,V0421,OK,0.225
warm,V0422,OK,0.249
warm,V0423,OK,0.246
warm,V0424,OK,0.24
warm,V0425,OK,0.262
warm,V0426,OK,0.254
warm,V0427,OK,0.235
warm,V0428,OK,0.45
warm,V0429,OK,0.204
warm,V0430,OK,0.211
warm,V0431,OK,0.19
warm,V0433,OK,0.179
warm,V0434,OK,10.495
warm,V0436,OK,0.249
warm,V0437,OK,0.177
warm,V0438,OK,0.284
warm,A0439,OK,0.24
warm,A0440,OK,0.193
warm,A0441,OK,0.246
warm,A0442,OK,0.186
warm,A0443,OK,0.18
warm,A0444,OK,0.512
warm,A0445,OK,0.208
warm,A0446,OK,0.205
warm,A0447,OK,0.222
warm,A0448,OK,0.16
warm,A0449,OK,0.145
warm,A0450,OK,0.139
warm,A0451,OK,0.228
warm,A0452,OK,0.2
warm,A0453,OK,9.726
warm,A0454,OK,0.365
warm,A0455,OK,0.477
warm,A0456,OK,0.339
warm,A0457,OK,0.319
warm,A0458,OK,1.079
warm,A0459,OK,0.545
warm,A0460,OK,0.452
warm,A0461,OK,0.274
warm,A0462,OK,0.269
warm,A0463,OK,0.238
warm,A0464,OK,0.22
warm,A0465,OK,0.223
warm,A0466,OK,0.211
warm,A0467,OK,0.344
warm,A0468,OK,0.492
warm,A0469,OK,0.484
warm,A0470,OK,0.416
warm,A0471,OK,12.251
warm,A0472,OK,0.376
warm,A0473,OK,0.308
warm,A0474,OK,0.232
warm,A0475,OK,0.246
warm,A0476,OK,0.205
warm,A0477,OK,0.308
warm,A0478,OK,0.304
warm,A0479,OK,0.301
warm,A0480,OK,0.257
warm,A0481,OK,0.236
warm,A0482,OK,0.263
warm,A0483,OK,0.229
warm,A0484,OK,0.268
warm,A0485,OK,0.305
warm,A0486,OK,0.3
warm,A0487,OK,0.363
warm,A0488,OK,0.271
warm,A0489,OK,14.301
warm,A0490,OK,0.274
warm,A0491,OK,0.385
warm,A0492,OK,0.259
warm,A0493,OK,0.242
warm,A0494,OK,0.25
warm,A0495,OK,0.225
warm,A0496,OK,0.217
warm,A0497,OK,0.209
warm,A0498,OK,0.216
warm,A0499,OK,0.207
warm,A0500,OK,0.2
warm,A0501,OK,0.226
warm,A0502,OK,0.215
warm,A0503,OK,0.371
warm,A0504,OK,0.318
warm,A0505,OK,0.243
warm,A0506,OK,0.242
warm,A0507,OK,10.453
warm,A0508,OK,0.391
warm,A0509,OK,0.301
warm,A0510,OK,0.296
warm,A0511,OK,0.27
warm,A0512,OK,0.262
warm,A0513,OK,0.265
warm,A0514,OK,0.438
warm,A0515,OK,0.257
warm,A0516,OK,0.269
warm,A0517,OK,0.242
warm,A0518,OK,0.262
warm,A0519,OK,0.238
warm,A0520,OK,0.233
warm,A0521,OK,0.226
warm,A0522,OK,0.229
warm,A0523,OK,0.227
warm,A0524,OK,0.236
warm,A0525,OK,9.002
warm,A0526,OK,0.271
warm,A0527,OK,0.326
warm,A0528,OK,0.212
warm,A0529,OK,0.191
warm,A0530,OK,0.185
warm,A0531,OK,0.172
warm,A0532,OK,0.158
warm,A0533,OK,0.606
warm,A0534,OK,0.363
warm,A0535,OK,0.324
warm,A0536,OK,0.2
warm,A0537,OK,0.261
warm,A0538,OK,0.269
warm,A0539,OK,0.301
warm,A0540,OK,0.297
warm,A0541,OK,0.27
warm,A0542,OK,0.299
warm,A0543,OK,0.205
warm,A0544,OK,0.197
warm,A0545,OK,0.249
warm,A0546,OK,0.248
warm,A0548,OK,0.36
warm,A0550,OK,0.211
warm,A0552,OK,0.157
warm,A0554,OK,0.153
warm,A0556,OK,0.164
warm,A0558,OK,0.149
warm,A0560,OK,0.144
warm,A0562,OK,0.138
warm,A0563,OK,0.152
warm,A0565,OK,0.154
warm,A0566,OK,0.143
warm,A0568,OK,0.143
warm,A0569,OK,0.329
warm,A0571,OK,0.304
warm,A0572,OK,0.295
